,price_clasters,pr_sku_id
0,11,002c3a40ac50dc870f1ff386f11f5bae
1,11,0045ebdb1069ff4b3dd3efe628c39cd3
2,11,005c52de11abaf8e0a9714b24415ce34
3,11,0063fbd948a3d7368ba9d97739bfe2cc
4,1,00661699f543753ec7e911a64b9fd2f6
5,13,0094042bfeae507dc7f62acc8e5ed03a
6,11,00a631286fff2536dfc128e9cf03e92c
7,11,00b72c2f01a1512cbb1d3f33319bac93
8,7,00d9e3b6725a72b3235a048868691e09
9,11,00f48855a138893e462696650a2375d9
10,7,011fa371d88bc0c9c45f7a03db82d5b7
11,11,0120fa9d93da50a73a6f61838b49ff46
12,11,013b001eb7634d3c9c8b03feb9709de2
13,11,013eae7e2e4dc560798953be950c49a3
14,11,0169529ff660adcac9b7e354e0c4b882
15,2,01e4734745e97e52d3213449e1a05dd7
16,11,025967a3c53711dc29a78cbecc908ecd
17,14,02713435f3587e2c81d8f6a9016763ea
18,11,028601bcf68af10f8be7422c22b5f6a6
19,3,029905c5542302a69b170c91e96f5a14
20,11,02b15d615f6cdba2ff963cdcd4b11984
21,2,033013f94a18c066e8b3d610bed34bee
22,11,0376a60d9a7ce7965beddc4815588697
23,11,039949075759203b159395a2a9ebdf74
24,11,039998779ab43f799071763fe6c5de4e
25,11,03bc5f5c352b0cd65c2a53fadac2157b
26,7,040a02c2ad1561cbcfc9cae5b4c4b73b
27,11,0441bd46e6ba42e4e13885db1d13fb0a
28,14,0448c8afc036bb44c457d7e9edd74c50
29,7,0477944bbda88dbf89b8af9d645740c3
30,0,04bbb07b1057b09d04209991f3eadd8f
31,11,04eb8fb3e5dfd76b10c8687f36559549
32,10,050a8120e2a3b8751df8752fcc0323ef
33,11,0570ab7d07a4f2587f1ad4c4ed77e333
34,2,057ee40097021aadf780849725040fe0
35,11,05a0b334e897df620ab915d173636099
36,11,05b33ac9d1adf49cf37e260b65d722e0
37,13,06076bf3c802444ebc7d5619ab64ceb6
38,3,062aaeb24e661688e2703821f368a258
39,10,064e3a5648fb4a7f911155bd81f87fd2
40,11,068a58e5d99ec6d2680051ee942a11df
41,11,06d2cbdc6bdfd079125b1213f7a943b8
42,11,06f4f315e8decf704eb550a36a3d3e07
43,11,07099ab33faf098a1571b184a7dd369b
44,3,072e81e77edf6f7370bc290b32c9bb81
45,11,077e45479b8f34cd841d6d4809156727
46,11,078f153f8f0781ed1d7332880f4c03f6
47,7,0796ad00c36e07e171aeea8b65057fa3
48,7,079d0c4a23d055f4afcfecb6f55cf8f9
49,11,07a0866f0021bf148228425a6cc6d5a2
50,14,07fcc48bf0cd6433c1e5124a5e1e962d
51,11,08199da3f1cda80d51313d075ef361ec
52,11,082f0c91e23f357bbedbffdc51ef5d7d
53,11,083e7f594409e946662187b13b13868a
54,11,08dc3a654abf4087cedd4b03684c5862
55,2,094df0e0b795f85bfb3939256a2def20
56,11,09b6f670e4f5648aef001e34f7945990
57,3,09bc73e1f521735d97429aa786891473
58,13,0a2090e24b6ae62b0b0fcaa67a72b5a0
59,11,0a29c004feb015fbc590f1e0bd554e3e
60,11,0a2e060bca00686604e4cf1463da77fc
61,11,0a4b9a2513abf8a01e77b4e5f7b60f3c
62,13,0a68dd43c227b0e66d52665d6c3ca8ba
63,3,0a829bf93822e2d5cfb86e4245cd020a
64,11,0ac67744d9cf8b5384406419069cd537
65,5,0ad7341f0f7f634f1f3d24ed53e0788c
66,11,0afdf8c03e547e8eef4d1ae3344b5dc6
67,11,0b02ca07ffae9e85258f0fbca673640c
68,11,0b20fd57b4ccc3f9c625e9bc71b10a43
69,11,0b7e80ea039483dff58730afc2a65ece
70,11,0ba2b4a27d85d6cd50440966d529ecad
71,2,0badffff644779ebe5b83b9a78aaefc4
72,11,0bb9a80577550635ef549f1b1906d57e
73,11,0bc29231d7318d25602abc9373c5f665
74,11,0c1b221fe5f5cbaa5b3ebba78a7f2222
75,11,0c24487fc781d57a66d128fa1c3cfd8a
76,11,0c89c87827015efc208f89a2bf2524d4
77,11,0cafaa288c438aca4434ccc082244a8b
78,3,0cb54dc6c273630fc0efdd8e8aa40390
79,4,0cc57d9daaa686e94f9ab541f3026121
80,2,0cc8850f66397af21700e3c060a5210c
81,4,0cf7b480289c0c4b07b6d3bd72fef0c9
82,11,0d4b5a6c32bb2b5c752088cb5628d684
83,11,0d75bf62db7dd75ad94f36f722dfa68d
84,2,0d92995c335a265f30a5d86cadc8c43c
85,11,0db37da92064cc79056cffb46bc8dec0
86,11,0deafbceb556358d4087a8ed17e8ff64
87,11,0df947172e91b3e2ae1b5b972f64d679
88,7,0dffbb0c715c9794aa9cb5b747daaae7
89,7,0e1e064746347f5896ca4ff8b568f3a6
90,3,0e497d3dfb10dc402fbe06de4e0bb233
91,4,0e97d6e7124d6cc9623650201236cd52
92,11,0ea74ab6cea576415bc4258998bc08bb
93,13,0ee7e71061cf860ccf3b29c6823c7971
94,11,0eea3206edb387a3dd1803dc60bcb6b4
95,11,0ef849f1692a8eb1c7462ec33078e3b5
96,3,0f127ddd135b33f91edfab345fc77fbf
97,3,0f152427918d29bb1081834c1d375a48
98,11,0f350feab444ada5568545975e911c4c
99,4,0f6ef309087f70a6f933eb0ec50745b4
100,4,0f9f8486fcb1bad82ffe18d5850dc25b
101,7,0fa0012f35f24361b7f8f6d75e3bf710
102,11,0fc5b245448689d3d05756e60cf205d9
103,11,0fe5309a8b04fd718c47a54d36972349
104,7,0ff7d742c244e2bacb145df5b5c6c34a
105,11,100a9210291545e301a4e4cea156ad17
106,7,107bd9ed7ce0d5e347e13b692eb2abb3
107,7,1097627f4fe36c774e8a13d096a9a5ef
108,7,10d26ea8eac593b8e397fc0aad2134c4
109,11,1109fbde130bfcd017e81d7c2ed3b6cf
110,11,113bc2e89c4ed2a3fa3091c9adcb3f49
111,11,1142167b4bf803ff64a3ddc2e2211a2d
112,11,11757564c5624b6de2ebd2429d1f2c51
113,11,11a08d65b6bc994bfbfc3b14c4e721cd
114,3,11e6eda3c45e0e17437074dad5842a08
115,11,11ee3b1e66e8ac33731d4c81a4aeabb3
116,11,11ef965c672948e015a1adce682aeacb
117,7,11f207f64d952f43c2f028da2c786d3b
118,11,120a0236ea253f508e30a1cd77c0715b
119,11,120dda5420881b2f4ca3d383196a841e
120,11,1270c9d5680e8c1b4c4b85edaa3745cb
121,11,12882e6f25ac3955298fb1f029cd043a
122,11,1294afe6156ef3b577821cd2c97769bf
123,11,12cbca46d049e31b78738adb97fb5142
124,3,131539d99ac196766086b57c1119b7de
125,7,1315c014e0e20f2ffbe8c0bc455bce9c
126,11,135fd511daf1345b7f1193fe481be8ba
127,11,13892dbc57ca2eafc40559604411e7a5
128,3,13928e132e7e0e55a0a8a6f0fd539758
129,11,13c11f36d7304f758d93ba433bf2b774
130,14,13e760924d65bba3dce3393d3185abd3
131,4,1409117f0d38659bde84e14b9759f226
132,11,14148be8fe01e80dcc70dc89bb92e2f7
133,11,1436802a9d08bd12c7accdb848fc061e
134,11,143f62003066d8d4cc33d3e9161d114d
135,11,14784395bc60fa6b72fd7cc172c0cf6c
136,11,14a08bd0ef6dcf8d109a0eabde572c36
137,11,14e0a8f3335c1e51fef42cb2087f4d72
138,3,1566bfacbcf0c0a3e7c92e73c708d341
139,7,159fa14cdaebd5062605f8e7423aa407
140,11,15afa885a258e461d2b1d27f809f96e0
141,11,15f0c24e521b6f8b4379a0d4958fbae9
142,11,15f707049e64d54f6493f9b83e73190a
143,11,1628d13d297ffaff4b427ac3127d0c82
144,11,166a5df02b08f25ed8e792ea18b2cb2e
145,3,16939b73c086c005ffeda3375320816d
146,11,16ab7aae77adc64fd334205210c8164d
147,11,16b424aa315aeccf53294a9ac546233a
148,11,16be36a076477439efd88de4fdc8de86
149,11,16ca28d64778c226d912b96c5e1c9eb9
150,7,16d6756c2f3e78e221bb998b31753d14
151,11,16f419b738ce0d495a11ab07f404f0e0
152,3,172596a9729722de2d952b7506ab8f2a
153,2,173af0430bc192b8a027af7cdba82cd7
154,12,17667b08596154dc5e9417f410cbced3
155,11,176e527dc63d7c19f231420842bb5250
156,2,177b588f64308de26aff1c43644f6e84
157,11,1782c27f099c11a77a2b365d625c8428
158,3,178946dc0cfb8cbcb7b4e672930affd5
159,11,1790498f0bdeffc2e71bcd466e1209eb
160,11,17cc89f38da7593b6241cf2b54039595
161,12,17e0ce48c87a8885fe8b82c21cb17ecf
162,11,17e6fe101cf61a52142c043e431f9d3f
163,11,17f7c5578fad009505989442352a308a
164,11,18263c76c0db10f61f721741382c091f
165,2,1830743ca9c6d0643bccd16a43ca0230
166,11,187ff0ea7169ecb27b90eebf95401c00
167,0,1933ead077ee71dda8c85a7b769c8ef6
168,11,193b6261fc535f7fd638443653274fae
169,4,194585b5215aea447389c5fefca09c61
170,4,194adbcaa46104c43d41ad4f23c18407
171,7,197ae982240ee052645b36668c079a5d
172,11,197febebc2f6091fd7eccc77383a2f01
173,2,19a53f3752d2fddfc6501190e7b57b34
174,11,19e5411f3b65df77a0bc2e0ed4edac95
175,2,19e99970ea5ea8475747b52ab1ccf194
176,2,1a083126803757739236831994920755
177,4,1a0f36f6e92560bcae205b6c32cc033f
178,11,1a39b1e8e1f246ad294ade148829abf3
179,11,1a5ff37d09cd9ab3a666c6c162d19eaf
180,11,1a7453a4a2d66bcb79b1c8e29039b63b
181,11,1a7d0c309cee1837511f17a29fbb33bd
182,7,1ac1587d5965008b9cfb9b5ae290048b
183,7,1acfb389229f9ecab9218940bc1f2841
184,11,1ad31550bf7e523d2feb4ece97da3778
185,11,1ad3ac993cb929e40e73c8978187b344
186,14,1b0251ccb8bd5f9ccf444e4bda7713e3
187,11,1b0763ccbf4fc86b861ee8412c3a8d49
188,4,1b1f4205ab5d9b437c143fc6d7e18c80
189,14,1b554caad50131478083eb6e4f7845d6
190,11,1b6b6ba0ab90e477ee11ac532581ae79
191,11,1b6d39cc50d27a5a3f3d2d2d2c722d3e
192,3,1b87c8b09ed23558692879397159c73c
193,4,1ba182cd1edf4f5b15f17fd6a8b8e60f
194,11,1bc43be0cb246eabc8434dd290be1a8d
195,0,1be007f9969e526937d035055f02690d
196,11,1bf9aaf87e5700c55eebd010b2871c48
197,11,1c0639368d0618f50ad5b01f0ad620cb
198,11,1c2a153f825c2155bcaa439b8f0164e4
199,11,1c7a9c171e544edd542583327129b9ec
200,11,1c916407f551aff35a40787aa6c41930
201,1,1cac981fb61dc0e4a41e6a8508552803
202,2,1cbab25ab0b4b6bdb4fcf3e2e657e4d8
203,4,1cec786e41a51f75b5701511f995218b
204,11,1cfd4c9cd7289a63dc2492f2b0200868
205,7,1d2448c22721c94bb0264cf52598522f
206,11,1d342f97cb7a4004079b32f759dab354
207,11,1dbb3d2dca0b7007ea482fc69d04048a
208,11,1e50784ece7c980f014b6bcacbac490d
209,4,1e530dac29b2ea4389130dafa762c7bc
210,11,1e94984bcf57dfdda57c0aa19c789c87
211,3,1eba96c25c7cf92cf2d5045069069974
212,14,1ed7d2ba2413e16205063b4029038486
213,3,1edb148e94ceddc5abaa91ad4814a737
214,7,1ef67b3830faf45363d2da935c604d7a
215,11,1f08f7cfdcb8bb9088fe668e0aeb6586
216,11,1f29a845b0314f1cc9efc6db0d4934dd
217,11,1f4e4ddc7c08eb1d53efce5802ac4d00
218,11,1f6e186aa440fadbd18b4e4397b597d6
219,3,1f866d0d3eda091c5166cc5a321132fd
220,11,1f9f119e724a4863c3e1f0197a4fbe7f
221,11,1fabe5ffaf79b73352abea5d0beef23e
222,11,1fc2fc8870043f96f7cc351332159653
223,11,20010b9c9db3201dc2c659241307ca2e
224,3,2002ebfa9e4ef4ddbaef4844a1d668b0
225,7,200e5b88211972d1367e9b4f02e02c1b
226,11,203e9305391320ad778c1b30747f2041
227,11,2062d6c68c7b32c29a863ce4d72b6dae
228,11,2077a6faefdfba9a2a59255be8a5ab7e
229,11,20817958be42165961e14f2e0a95125f
230,11,20948177a2c9428d1045a20dd139c54b
231,7,20d9b4bfd4b672f61d87f420856aac5d
232,11,213f009b937b13b023537dc347fa33be
233,2,215d307b35d77daa49b9845c069beda5
234,7,21716a96b18e53b7f324cae2ee59d405
235,14,2188bd364970d4acf961ff2fea1bd71e
236,3,21b4bc4c1913efa897d0743c1d890903
237,4,21c11f1628b35916baddf033b748940c
238,11,2239c11f537041a184a1fc89b3a5fbe8
239,2,22448cd19c3130e1f42416da890ea6c9
240,1,225de5ef23fbfa96f02a8e1e8626ab66
241,11,228e5316ba714b7db91787a3d03d56c6
242,14,22988026fe85fde60d8bf777ab6bc3b4
243,2,22a809f90d12f85331f5c9a870e56633
244,7,22b3872c9768b6070e1111d85e8e9660
245,11,22df433fe40bbae6311403ee19010bcd
246,11,22e171fcdd468fdd5a90ed1d5c7d0e21
247,11,231af8dc5fd5b69a7cfc4b015ebfd72a
248,11,236f43797d8ff0ac7bacb3a6caeb7cd5
249,11,23988ac4dab747b44b9d027e3b6f4ba8
250,11,23f69ee179f239722c46b35e1c07c4e1
251,7,23f70c32de93a01ccf59f9138a5baa3d
252,11,243238206e2781253f5a11b4718fdd70
253,11,2467d1dcf883fcd3a21e4cf5eccb00bc
254,3,246db71cccfbfbfaef328f1f8f7df31e
255,4,24add02597d486c0f631855f5ca1bef3
256,11,24daf9e58ee36473551bab1ae96da7a8
257,11,24df4c86ade051d46f7d665fe78336b6
258,13,25297b758a38dfb3475046e5dc01291a
259,0,252dde3ebc5bc64ccd742c6b0035e271
260,7,253721eba20a5bcc56fcda8867ae9dab
261,11,255dbb435afefc05514c8d6e9b7a6144
262,11,25641158e04927f1f0e09934d346a74d
263,7,25fc41f67be1a12d11eeb6e746207094
264,11,26263bd5e3940e16aa7fbf1dbc0f4a90
265,11,263e163dbb6d251a80e00a4583c9d2d3
266,3,26864bfba07bfdc89934ec5ca9367ab9
267,7,269fb72e92ca3541ea27e8d0379d3630
268,11,26a6b28bed5ad513797d14a1fa9e0458
269,4,26d07ae4d7900394b2efaae387b01072
270,11,26de0454c28e8d9bd9a2c194fa4f2604
271,11,26eea01bb9eb18ea5e2925fddbbfd6fc
272,7,276150520c270123fc15b3bc80c0d171
273,11,2769e9fd4a6de5fc1148d794f0486766
274,11,279ef16c9134cee8fda89b146c20995e
275,4,27a79eaf8d74a68777299f3a514ea51f
276,11,27d68c19487c8002060f6080979fbbc5
277,3,27e8978c9e8b7146c462feb7d24f5637
278,11,27f4ecbca9fce0d6af74bac7a8dda523
279,11,27fcd3eab94dfa545d11f263e2bcb6a0
280,11,27fefd0504053087f8d1a34b947a0430
281,11,2810533f3e8335c1e5842e38a66e2d41
282,4,282984b385d80166ba0d4f32a7843f53
283,3,283ea714ba84bbb51b605755fe0af8ee
284,11,2848d0660cb72f20f3e1fdbead6f61d0
285,11,28a8d323fb8bc35326d28527f3b9128d
286,11,28c662d6624673efd384f11af5cad826
287,11,28c8470cb8b677d7d4923998d05eb386
288,0,28cdcc6f1cbe33aa4f10223177e41060
289,7,28cf431a3c559acca80dead6ae6e15dc
290,2,28dbf4d575d3739142cb6a99a07d610e
291,11,2905945ec88b8982e41195b4a5c7447c
292,11,29372aabe872a0488af592c543e95626
293,7,297f9b93f04e4bc8f655f784983c5453
294,11,29c7b61e95c71f07b33fb7ec75ea9921
295,0,29d828d283d16edcaa8c712375fc5e2a
296,11,29e8e5e3d6e474896c7209a893b0a6af
297,11,29ff0ee81185991175a3510362113ba0
298,11,2a028413d17daf530f216563e739abe9
299,11,2a072dd33174b678fe0749c2cabcb3e6
300,11,2a19d2b8d9adbf9b877f47b2b425ec76
301,11,2a6dcc3ffaf16b36e7432e9b1101c0f8
302,7,2a868279c0944dbdebbe05bdd925b005
303,3,2a875376cce8ea8e15042d2ecdeb0fe1
304,11,2ac36a3c8337feb7c60e6829641d9a4c
305,11,2ad9a7b3e916ab80b3f8ef6f49d34bc9
306,11,2b2a76e0fa3c59aca91ba0b048d3ef16
307,11,2b587bcc427e01447a0e665b4791490e
308,11,2bd31c7c54bbd12554730ae254c428b1
309,11,2be0764e286cb615f0f8022436777baa
310,11,2be7704a7be9e6df462794867ebe0a5e
311,11,2c086224a65d0723f04fd504d11da381
312,11,2c3b895d9fccc33226fee2c521618893
313,11,2c3b910b45c0f041dd25ad4d510e548b
314,7,2c452b4bf2078d7de946b0f1c5949073
315,2,2c6c2e0fb9a48b16ea6aecc7cdcf8af8
316,7,2c70ef35191c7a76e087188b0d2254da
317,7,2cc51729c4236e994fa6b679ea7dc4ef
318,7,2cd30fcb577ef8c233ab42148444da2d
319,1,2ceba8db8d0af7ba57e1572e839451c9
320,11,2d391d4cc8562ec6af137a68f944393a
321,7,2d4cee784419330773e7cc6b65570140
322,3,2d5d5ab212f4c4e7498f31ca7d77edbd
323,11,2d6d722fe223c77e1d9473abdbd1b845
324,3,2dc922d957188fb51dd2bd50ec9b555a
325,14,2e277351c5cfe6dd5bd87b2457a7e1eb
326,11,2e2b8771d743e5d1f831932e11a14eb2
327,11,2e45fb3213479a669d6510e1e00b53c0
328,5,2e463fcb1369be4d5dfbe87e04f60df2
329,3,2eaefbeedd52963c77db7ab9ca5e930a
330,11,2edb7f1a2d508fa1d551dc5003e70614
331,11,2ef03c58e3783eb11acba9d15909f6fe
332,11,2f282a08e4b584232004f9a42164e74a
333,7,2f28ecbecd76e36f51a38847f3635902
334,11,2f2f968841e41c2fbf4ac11697ba9505
335,11,2f37fd395a5143dce5e1c134eb8e5d32
336,11,2f613fabe848a2248a9515f969cd0e6d
337,13,2f72f7c5dae106c917edff70a3b1ac1f
338,11,2f949375f27ace8f384cddf7127935c3
339,7,2fa7a49e56dbd82f118adc28cba02990
340,11,2fa8c8329dc4c0e769841f09be754fa6
341,11,2ffeaa3252b4179f24bb0ca07873f90e
342,11,3005fa8a5a422215217385346370c58b
343,7,30673edfc8f546e3554480daa64342a2
344,7,308b51c163aa27d2818e350fd9a396a2
345,7,310a498d257e79d326aa25c1d47340cf
346,0,3126425bf23d6498e405eb3c82c57cbe
347,4,316b9659adb27ee609130d146ce3d088
348,11,318664aadae11e9c4ac749c3041fed27
349,3,319031ae8c8dfc60794f76ef35d9c659
350,7,31d64389a45aaeb7a61c9b76b72be555
351,7,326288e450af6af1e6754d3e29ad1efa
352,7,3271c9877efbd2156e62cdc25895e46f
353,11,3282b4a41d27f7d018214cb4b1aefc57
354,11,32affe1d243d3b9060daa8b2be050626
355,0,32cfba8a13694631a8418e4d246e55fa
356,11,32f21f7035e5868e6155c8d37d25a7ba
357,3,3353a79f9b488708181b5cf8c0397199
358,7,3359fee732253672a5f3fec7ea50c70d
359,0,339de039a15a9bd17e4a7029af77b55b
360,11,33b0ad5c0a91417a29fb06b1b2e29282
361,11,33ea5f35ca4bdb914510fe5a65e49534
362,3,34135e94bed7ccf569ebee6901e5f716
363,7,3424471c964d8894456743e62f7ef938
364,7,343a11918708aef67fbd8ad2067e55c9
365,3,3474f0e025c7deb7e127a35763bc5512
366,7,3479dfb41694951fdddeccbe67f59050
367,11,34beb69325815c6a11f3555c8ce62811
368,1,35071e7911b66b2f42bffca06f939598
369,3,35d78b8cd6ce34df726237ceaa51f8c7
370,11,35e41a0317b9e73e5dabc4c2769d5db9
371,11,360c19682e81f21d55846685c1701179
372,11,361d947cade31d08a23e942beea7c0a5
373,11,361e5143bcf49240c5284950fa4433c2
374,9,364196813f3b746270a9b27bd76149c9
375,11,3642cc1464dadbf848d3e5f26fd20409
376,11,36522a94efbd07b9931b3ec4833e1f21
377,3,366c97caa1e66d39a0c21edb8fdc9caf
378,11,36e87c365a5ddd475a82c220be840853
379,11,370bf9d8171cb842319fb6979fd523d0
380,11,37103534fc6891cb76929d0b277336e0
381,11,3761d3460a7883b7c7996a109afd4076
382,3,376a135e354ef529b2232ce81ff64169
383,11,376ce6fe90d92f70e9cfa2f601630c2a
384,14,3775e29ab7a50a69c73aad30f19661e4
385,11,377744e5255cdd0b2beb894410f4344a
386,4,37811c8faa35b7439a5f8815cccedd62
387,11,378c316db093b61efe233ff52ad97bbb
388,11,37abb5365e9a5d97e6f50366ee185307
389,11,37c10be47e9c7312d7a33d4d4ad6cac7
390,11,37de09863b05760fa37f23766a69d32b
391,11,37fd5e8abf241f19262fbcf4b32e27ae
392,11,382fcb7b0b5750896a5bef348f19bddc
393,7,38506718ab76fb692e5ac67c82d4a55a
394,11,38733b76623acd8f39e60a1bec15d99f
395,7,38bfa3e22f6805da4f24236637eb7600
396,2,3980938e8ae7311f60b9228e6022dd4f
397,11,39d0ce6cbb0dc460fa7438949369b992
398,3,39d2baf4540a46a8e8b05a579e371f73
399,11,39d7607ca4a34f6f78e4e03579035f2f
400,3,39ecb7001809227239597b15023d2116
401,11,39f08ca9bf44368a6a029b0ff7c43ab3
402,11,39fdbd9c34d2308a07f423204f27e919
403,11,3a0babb7888bd5976ce3df45743615af
404,11,3a6d3dcac8918703816acfbafc5613a5
405,14,3a74a370c8eb032acb11ad9119242b8f
406,11,3a8c9000ae826436d7d73d28259bca7d
407,4,3ab75955a9c0ce15f6ca004ff088e7f6
408,0,3ac16a6e561c22f184602da1c7bfbd87
409,7,3addd02ab3fac269e310080fa6d5a228
410,3,3aec010c63e9bf944e55d39dfc1d6ed7
411,13,3affcbb957032e3cd1c0c3f8526e5de8
412,11,3b1af4823427439aa89c5d9d65dc58dc
413,3,3b862e98b075134ab0cb36bc638cb275
414,3,3b9ff9697e5688d38d5a0e7b0f0d519e
415,2,3ba6d756f58958866c1a355a115f3e38
416,7,3bb2524fb92c7c5fec7a4223e4fadf68
417,11,3bb8bdeed2b6d30fe5505d11aae2bd81
418,11,3beeab85046ca201d73bb9d129bcfc3f
419,7,3c175a4924b41b2eb2b55016a8d279d0
420,11,3c349d0dbed4a4198abf6d2c7caa71e5
421,14,3c3a1cb0ae43df1a1f0abe1fbd8e158b
422,3,3c54bb7bf3061916d12d5027dda7e863
423,1,3c6d5538de13300a189c89d4f1e18624
424,11,3c7f919bb4e343b4d7f4233fef02be34
425,3,3c7fff75458983d828afa7690d3226fb
426,11,3cbaf928375e5aede690fd40e00faa56
427,3,3cf7842c207445d9456cecd7be03c53a
428,11,3cfac5846049d3a1ea09669fc1039764
429,11,3d1e8055654b54d59106daa142dd6948
430,3,3d3e83a9b78957e45c94dd862eb0bc43
431,11,3d44e8d90c2537e430a22aa71b868ba5
432,11,3d5454e43da2481c78576b7a788425c0
433,4,3d7a0d134019e7b9394ca95cac1e321e
434,11,3da5a60be9f57d3d4d3ef8c0c8b2443d
435,7,3dc33d905fb8ed2c1a77da9336227cd3
436,7,3e25a622c0fd509e34d7c58371a455c6
437,4,3e5ed1845a499f1b16f1bc68d13e97fe
438,10,3e7c6dfcc43c80a0558ebc13bb731cd6
439,3,3e8ec6a1e458d033ac4b1b589b825259
440,5,3ea981e7588500b228f84a69007ddd07
441,11,3ec555b97322f2625fd6fc1b54a0b1de
442,3,3ed9478fa57b34d4f3ea22c70dab3b3e
443,11,3f1440a38e12bcc541dca2206f53bbb0
444,11,3f20f3d881289bb68aa3249766256c8f
445,3,3f33017a9ce4fbff701facaeae7a7549
446,3,3f756d0376fdf2915c78e73dc5f63794
447,4,3f8913ec7657eded2950768f9378252b
448,3,3f8abc351114632af4bc60bdc3bbe3b1
449,2,3fabc5abf35c42206944ccc889328f3e
450,11,3fc72418bc4c10fea8960aae277e4af7
451,7,3fd6083ec914187fb775df5103ffb95d
452,11,3ff1103f51b961329fa640072af99424
453,11,4018f3a9e6d9cd6a271f6b9fa085cd52
454,11,401a9092db6b7c9ab154880f5f3c675a
455,11,4034b57a9056ccbd3e37d4e3d35f667e
456,4,403c896d1abb842e3db14b0a8a652fac
457,11,40aa0e55df4c5b21a34fd059bc9d00e1
458,11,40c58d5f76a4bf44b35ac6bcda67e306
459,5,40c651c778ea5ff2c54b164483dbae9c
460,11,40f8a2d253c36e0c0a6bacd8804d1e0c
461,5,4115bc05a3e5460e3bba7777fde0f807
462,11,412fa41cc85f689d1443ab62ee40ee17
463,11,416acf8a70e76d831115b73038ce3cf7
464,11,4172b50d25db3ddf079d4704d4070779
465,11,41759d9fe6495a62a3591423b869dea5
466,11,419cfa1a495ba39a13708e750be20b10
467,4,41b4a9b8eee848e2bb335d914128ddc4
468,3,41f5b25a0e207db981d36fc91e80a8e7
469,7,41f8c13fd8b1589b9753e1949e1bb0d1
470,3,420f64a4fd57fd93e1fc45a0c9c5aa85
471,11,421136a4b7d3f3ea5fb5b0dcc8da0888
472,12,421b0ea70ab7fd681ae63a8f12695199
473,11,421eb7bf85ba877d78c38bb74a68037a
474,2,4242d41d714121a04ed4a344851eb5c4
475,11,425484af966402da5c39953acb6185a0
476,7,426157fed5629835a7d6217bbefccac9
477,11,426d3a6e14a6a7f30a720df5cf2dcf46
478,4,42a303fc7a6b682be534d5a0e8d3a115
479,11,42ab147e0c5e62e926af25210e7cc065
480,3,42ae1544956fbe6e09242e6cd752444c
481,11,42f436b16851b8cfc970b77f0d2d49a3
482,11,42f89e07a13387cf67d97f374bea07f4
483,12,43381fb2e43baebe00b83506caa61c25
484,3,433dcc9557fc5f9e055095ba085f6dfb
485,0,433ed55e99dbd60e37ab7f291ee25770
486,11,43755745df7fa4be0070b62674ad6825
487,11,43bf1ecb847225fccaedf5e1b2fb4787
488,11,43e644381fb92b59722bb7928da931ad
489,4,43f9682aeb800689215797f4f2dea2f4
490,11,4416a0fbdf1d3de966f48932f32cbbcb
491,4,445ba14b96ef77934911701d9e5a0a08
492,11,445f1b38aae4d4c9b2cb2252611d19b3
493,11,447f4f6e309a60e30e544daf13e0a1cb
494,7,448c25ee61b2572eef9076c03b7b8c67
495,11,44eaebd63494d44690fa98670e667b22
496,11,44f9359a398c1a40d7a1f4b2c1acb33c
497,11,450b815261a95a547a35b5396ad92b7f
498,4,45551f4c29881972ae5ed3666a5b1b8b
499,3,45ad5f9e2c91e420d52302e33b1f357f
500,3,45bd6ffd65dc1b68ea59c9ec5f4590f9
501,4,45be7a92326d617b2442e1ebef6a4ece
502,7,45cfa8c1e9a09769265224811e3bee5b
503,11,460eef453486e3aab47abfda009f796c
504,11,46342802a570e7126c4970fc9cb4a1fa
505,7,465e4f9b8d22467e46a6e02a78a40e97
506,3,4678e046e53270a420f8e4df6797ca24
507,4,4695acecbef4734453cf9bc0be67ffe4
508,11,46b7eba6b8b30c61435ac9e18172ea44
509,11,4708bec32306ed08cbf7f6f934862fb8
510,11,4723543b1732db4de5ee26a3b12f721c
511,11,47561a7f19be42a2c80518d90c1e0c1a
512,11,4759698d919d34b1694d17d12448f618
513,7,478c511848b5c6ced8d47e236857f8d5
514,11,4792d399b0cc6e8223fdb5b130e9387f
515,14,47b1d7b5e5b4a00d7146ba165bfb43c8
516,0,47decbcad0a55e98086b30803ef9ca6d
517,7,480b52fec90d07da477f6d10f638eb1a
518,9,480c8cfe6acee2ea1d6f1c63bb80f226
519,2,4829419582ffc40bcb19aa921576e228
520,11,4838f567d132429effc494fcda4ad56d
521,2,48879b7e88dfc566582ac21fb3c8151b
522,11,4888d22310be911500c00611a9dd44eb
523,11,48a752adf5ecb56cb33d317ba1308b33
524,11,48bb4fc3b178d1131f477296faebf138
525,11,48d8820abfb51f47e0975f797b1497e3
526,7,48e0c6769ad81d409a06471678920e2b
527,11,49151e7afc49efe9b5647370febfdd23
528,9,492f948808daf55a3f9e7ddd3694f546
529,7,49422241027cc0b8b33ceaa33d9d2e81
530,14,4955c8d2017ad404f4872e32451b60e6
531,11,496d413dbadeab347acd841fe0dafda3
532,11,49a2be29ab4977d11ce510b2810c3fdb
533,11,49c1dc06153ab3793692caceeb694810
534,12,4a04104f09c6ea3e807666cce0c294d5
535,11,4a05ae407f370619c99e109152d9883b
536,4,4a1167f2c6700c1ab5e2435a2ff300e7
537,14,4a15a652bde1a9a3ac9cb96160ff3a98
538,11,4a414f0b3efd2527d575e0e2f51b61aa
539,13,4a421463135a0f5e506740db32d16b97
540,11,4a8753aa73f12cce3a40ddc856271f3f
541,2,4a9c9ec84fcfcda981820fb9f2b65f1d
542,2,4abefdd227919349cda793e5802ba017
543,11,4ac996872886783dd9d1d055f617000c
544,11,4add29dec9171f9f9f3ba2f91cd0e2cf
545,11,4aef9bef9b3460130ca6cc0da3eba88a
546,14,4b083e10f6cd2f4360c5425d05be6386
547,7,4b25076d2e052e73f99b84259335a290
548,7,4b26803c36dc6690533c77d6ae6f2775
549,11,4b2beeb5f3f07abe6e0b7a61ab7f3dee
550,14,4b347991609c79afe8bcb7e52d90790d
551,11,4b720d804b03d973b2888fdb874c5670
552,1,4ba72d594b35e41cb3e066397eecdfba
553,11,4bc7e92a7abd4335bb728d79fb764adf
554,0,4c3316e14a5be3b42a10e3f7866f7a78
555,11,4c5a660d761dded935349849999740d4
556,3,4c8f26ea6f6790779345b500b2f70e9b
557,11,4cae0c39b837072ea25f1c1545de0018
558,7,4cbdf8b7992ce95ea95bee76db0c7156
559,11,4cc162d633c1b90fbe63aa8b7dd7c3c5
560,13,4ce0eb956648ab3ff6bb0afa3158cc42
561,4,4ced0e904c1a12055f160c369a2f3530
562,7,4d1c96d1e5434ae46286cc59c80fe542
563,11,4d3167019742fa07309b03186d9612be
564,11,4d367cb96e5876bff86667388da395b5
565,11,4d4c9145a0a5352d6f6f6ba50a0c3f4f
566,11,4d64628c00d60c8dfbe02666312118bb
567,11,4d7c16e9dab68eefb3d64f92cb061d99
568,4,4da0197677426a6acf47dab594c960ff
569,11,4dc0a0f3b2b252ef8d25c851a9bf6a52
570,11,4dd4fc2b3418eef401fd486fa84e437d
571,11,4df5c9924abe46cc723ebe2cb9f0c5b8
572,11,4dfc3a04ca3550205f7414469154c2e1
573,11,4e14c63cc1fb7c59d9885b274d3643e3
574,3,4e2b6b1dddc1ece38fbbaddad13c8e11
575,7,4e3d5c9fab3fc51a4857846fea3d2e57
576,6,4e824a65fbd01f1708131bd247842688
577,11,4e8bb847e7668df3eaeafca3a15470cc
578,11,4eb42cea3a5dc6b89f5e608a9d8d9cf0
579,11,4eb9329e7705bc85d1fcb8d7414a769b
580,11,4ed0c71c1dbe4da847171ddf845bc103
581,11,4ee258e6ff13d73c8574dc8d0bffc1e2
582,11,4f0283654c00ea542525ffeca22ecd32
583,11,4f057d9f6589222cbee1123e3608d7b4
584,11,4f3a0977115390e8dd6f2d6d5664e2d1
585,5,4f8b4c73b1712622d6f05c02cda05d49
586,11,4fd83dfba849a83ebb2fc66c64514477
587,4,50246ace502699a00ce8f94e8fc3e37d
588,11,502862e895172c8b1bb580c34a8c3575
589,11,5049d5d69eb850e160e453567456d248
590,11,509f02d9622e4a53673e8bfc6a8110dd
591,7,50a87fe641d22f2f6563948e8d7bb1b2
592,11,50facd9b2f8f883f238423203a7d96eb
593,13,517b5edeb76505d48bb945abce481959
594,7,517f6084444b9173c3eb8ce8b3f2707d
595,7,5180960c44604409fb05b81d65e90ed0
596,11,52101754bebdd5e5107f1332530f905c
597,11,5214b3e85077f7f46dc21a520c8b2029
598,11,5243d57b3a58fd110b786b9521a9af79
599,13,525054066e1d6e94a6ad56078f4b212d
600,7,525526d5b2169462195c44d49fff4a44
601,11,527270d8a7fec567e062692a80e7dd48
602,11,52d71e3351b15fb9e041c820866d16da
603,11,530b5dc58f1ad1eebf282a89c432c006
604,11,531cc55e7edbff352a881c11dd12e88f
605,11,5328393f2b30aa145a4e6c248a9a8026
606,2,535e298d8e5cd1f7963af0028e58a2e5
607,4,53a0025dcb7a9565375706d57f0c8f37
608,11,53e676e11335106d3f5bc0fe04cbd395
609,11,54169e4632c40cbd8d38f1e84a6952e7
610,11,541748288e850fe30b1f42b558221fec
611,4,543f17ebd9d464531d61fcdeaa36678f
612,11,5447104fa21acb781fea3adc6abe65c7
613,11,548d12a0382c9111c08fd60b2fc895ef
614,11,54b6de1b1f40166bfd9c985767f9abef
615,14,54cc81ad9eadc5ccde13e001ddfa3eb1
616,11,54d88bfa24f8506f720d030716c6e016
617,11,550cae80bb52fcc46ff1efa757fca457
618,11,5521c23114a82bc1e0cd1fd7b974b5c3
619,2,554e128a3c63596f7f77c10bf57fd2c2
620,11,5550764edf74a5e49c921bd682220986
621,0,5590a8d3309989521222feaa92f99d50
622,7,55969a1f5fb756fe6c54ef9fc6361551
623,3,559c8bf461e7f622ce1caa97071337f1
624,11,561f78d788946cc2e6bafc42871bd4d5
625,7,566a43003e7a78392b83f043ecfc9871
626,3,566f6537c25d40d0b6adec07323e65e8
627,2,568221292bd68ebdd821521ce60a8110
628,11,56b8b55e94a197b96c5cc07cefbaefaa
629,11,56cde228d596ead140266656b594f430
630,11,56df753f625b8629be183176426e63a4
631,3,57192cc83ef1e707eabef5af7a5d4ae9
632,11,5741d9a2f5398fea6bbe01e2eea4a0c5
633,14,5781a2637b476d781eb3134581b32044
634,11,57c6d171f93f702cd67d73f7f2c49b6b
635,11,57e82787ed765d35b35a286918e7fb71
636,4,57eaf5659b0371dbef7bb6cee4a14e71
637,11,57ecceb558dfcbb60e84d14dc3dd4fc0
638,11,5828829b2a3a3f22228d1ee4856c5573
639,7,5839d00df7c33f98615fd2aaf9c87389
640,11,583a3fa61e242bb7e9eaaefb1774a484
641,7,5840bb9c4abfbabfe1d6456829a1b1f1
642,11,58b0cd8f9647207480f2a86a4b9c860b
643,7,58c6ef4b2db5bbeacec39affc0c2bf28
644,11,58e0a78811e27cfc26e3e427af4ae97d
645,1,58ebafabd92e2e3a80d86b7bb7e88eda
646,14,592ce64f80d8d1051d8ade3b002309e0
647,11,593f3600654da39768862b73b872658c
648,11,5956d7c2d6d5e9f2c46bba942d5c8dd7
649,0,598210eb3b52577b1781201d8f72a68d
650,11,59aa5ee6b6b938a63e017bdfc882b51a
651,2,59e5ffd743187faa08149c74fcdc6865
652,14,5a0896291d246465ff739135888c3a1b
653,13,5a106bc85bf017f97a9afcda66b93f01
654,11,5a31cf095caaebffb341d0c2f100f71e
655,11,5a40404613d060b0c25d2518ff6be92a
656,7,5a81a30b2903e68c89c47293fbfa420f
657,13,5aa2f6e00873f8c90b00cd15d670daa1
658,3,5aa473479d8b5e4179d3ffbd2e5ef8f5
659,11,5aa64b60fcab81850d694abea705898c
660,0,5ac134862fb69b0fe149a886a667ffbd
661,11,5ad4f73ea28ca73f8fe529067b237db1
662,7,5adfc37e8b1a7ab1549daeb6f4918426
663,11,5aeda652a0421ec5536deb0491865f75
664,11,5af7d2c94cb126b9cd5b485c4a0732fc
665,1,5b146d93f822459260216df28e572eca
666,11,5b1ceb661b2190a14e5bd6a6e22a9686
667,3,5b26f85ccb23039364226f66f0366c66
668,11,5b7c0351928030930494cae9701ae491
669,7,5b870a4f77ac5f002dc67275107daff8
670,3,5bb5f58ee78376e1d1806dd5cc25cfe1
671,3,5bc0e44accee3ad26b2a39c3b2bf91fc
672,11,5bc96a1714af997dfc31f078583f2942
673,11,5bd63b0366ee719bfd40b21a72ae4658
674,11,5bd85a3481d63830d99d7dbc21e68dc6
675,7,5bf8b4abfee1894ab333ceb3a213d08a
676,4,5c2c53a02b645e1c20052c8946d19fc4
677,11,5c4b8853d5d7f6aab3c6ee8848b3a850
678,11,5c70177d1170a79b9ff82d4459027c44
679,7,5c98c9168548f4395e554a8d16b3d1da
680,3,5ca106c323e777ec8b42dbbab099932c
681,11,5cbf0b5a4529a8701980cae6e1fce77d
682,7,5cd5a617cfce2e2df8f189f4fa6582df
683,11,5cea0a292df4ed05427c2e6bb90993f1
684,11,5cfc0c52945868d74b83e670535f1fae
685,7,5d353aeb36305286381f101ca70c861e
686,3,5d43d07a3e984bf50ff672395d1bd794
687,10,5d560ea997068115892d2f0bd7cf91c3
688,11,5d74988b459f07525ce88fab4b0c5edf
689,0,5d79ce0a44685f0e17d2dca8e0dda39c
690,2,5da9cd143f0e646d2f78366038f4a59e
691,11,5db914ae933ab65d71987c0434ebf930
692,11,5df040a7cf5afe50ccf9507c18cc817a
693,11,5e2d3a13d29cdd6b49cd1ca965075439
694,11,5e3a175b6a1b2d1642ebddfe2fd52007
695,11,5e3a80d6175a0e619ad882fef72412d9
696,14,5e513d8830b4e93051b81843e48098c5
697,3,5e664d6988c6d6827cbaaafb0bc7f103
698,7,5ec76abb13b401b6eb46b1e0f8c8e8e9
699,11,5ed870e0832e44627d9b3958c2799d7d
700,11,5efa0d8bf1f8f78a382a21e1bbdce77c
701,11,5f1e3923c0fc5a99843fa0f1b912ba68
702,11,5f2c6c83d8629cb955c1b1ad53a2aecd
703,11,5f386344575fabaaaaea85a0d7d4b8d2
704,4,5f3f3cdc16a1ad23f24383979e45ced0
705,11,5f420eb30e2c5353be58952c969965fd
706,11,5f561d186c6fa2b8b4cb433eb926d2f1
707,7,5f5a11225159cab6f6f78d54509455ff
708,11,5f5c2411d478a7abf91177e8655899ae
709,7,5f84b2be2f0dd4d2b00b4e0a1d3847e2
710,4,5f86639bbaacbed711e89635b602cc75
711,7,5f91b33b255c525fc9cec95a8525e566
712,11,5f96320c454aed712e4545adacdba754
713,5,5fb6bfa7b7d9a415d5f95d3951e2a35d
714,11,5fcac87918c626bc3d53feeabec5a71c
715,11,5fe37f4172dba10ee53aa18629ad31b3
716,14,603c32f40317b3179730bb4d8a032f84
717,11,6058d6b7d1f04803d15d1896d3256c92
718,2,607303f8278353d6d8a8d6818b582488
719,11,60e128f7c6d6e7a74fce4fd241b96ac1
720,14,611f825b294117975c8d5c112cfb44ad
721,7,6129aab35aa6ad445191910f1d4c4aef
722,13,6157d6990d9a15027be2e356cccdc84d
723,2,6162285c9ac163d36b53d5831e43bca8
724,7,6171c7abaa5babe504dcea7e636fa32d
725,2,617e6a7150e59038a24535a65c5c377d
726,7,61952271208eea3eeaa506cde274a0ce
727,7,619a700c32a1b9c2ced74937d3d273ce
728,11,619aff88a724a74d7cc2d8c34830ea78
729,11,61ede1b712ff37c91101eed14b7a6c4f
730,11,61fb649aa593cc342d4e8943288041f7
731,11,621f0bb4f9418ac975e1debb7f6e5f95
732,11,6223defdcedda30e24c1f24804628557
733,11,623a5cc96a051e2845b4cd119d9e01ba
734,2,626b89e020f513c182e8baf4c186b3f1
735,4,628eca5623bd3a22d6ac99aa8ca78336
736,11,628f16b29939d1b060af49f66ae0f7f8
737,11,62bfcaefc6a2322f6ab28b2967c0b0ce
738,3,62d4af457ba2540ce0898a211c0cd17a
739,7,62eac394c4cea739c250bfdfed419269
740,11,62f73fd79abe686be8dac67879f59165
741,11,63038a39197d762fab2252ec4e861640
742,11,632d19c12f7837dc216f759430694f11
743,7,633c0a462d25771706313ea87351ca6c
744,3,634781c60ee669e92f10c95f55c37b0e
745,11,636991327ed15b3d7efe0a598911396b
746,11,6387e3f10b48ab62f1323b0b741536b7
747,11,639552261219964ec0047c9799a10984
748,14,639a51b38828b98d1f41256fb07bbc39
749,11,63ab6f2b82bb83ab0c72e73f30c17703
750,5,63b837c9a3fd362191761401ed418679
751,5,63fd103c3678af110f183d7d499d0081
752,11,6401e2c4028cfda6f61e026f4440bca1
753,0,641e167f974d1dd076c0886d17271975
754,11,64354498fd5d1acf254cdbc8f4a0e651
755,6,6464ba75236f5928023d75e46ea8a328
756,7,646cdf00db4df62cd80200bdb7aaa6ed
757,11,647b66c444269e55273214dd76eed545
758,3,64838783ba0b27d01d5b04748df3e471
759,11,648a6870bec54b272389fb78f58084cd
760,11,64ceaf6b6613c07dc7858c11dc0d29b1
761,7,6515c664cc1b858a7357accc7833a451
762,11,65164345d1380f59fa68695320e7dfb0
763,11,6529fde8656878bc15c87757edcaeb60
764,11,6553cc23715a559ee61a708a0e4c2b64
765,7,6565d9fdec62ee17555c69675585c673
766,11,657143495af47587150470a911c87888
767,7,65904bcd52a06cd64e57fc80b4b042d0
768,11,65a5ab46aec39f1ec4975458db71d78d
769,7,65b549322da3ee58ae90de15c61b62ae
770,5,65ebd984baa08be2dcd09ff15c254fdb
771,11,661f94d2119410f42182d58be5e312f9
772,3,6629d8e0d18c0b83c15006570566598f
773,11,66353cd904fa44416d5380211d5a4459
774,11,664757182a5d6c17c694be66918fac74
775,7,66613d07f26ee86c04e0cc3f47141edc
776,7,666ef66a5814e1963ffbd6bb1122b836
777,11,66a5198a8d1afbef4821b8cebf7f794d
778,7,66d3c4f3279fb7a0560ccfbfec6a7a1d
779,11,672981bfc413b6063b1dcbb8c1a39e61
780,3,67731b6c536b98e9886698772595a486
781,1,67797f1f0f02ec5ccd5e3abd2d4e5b81
782,7,6788a2db1251995b966bd3ae44562bf5
783,11,67983aac7179919c5337af6fc659362e
784,5,67dcedaa1090d67cef7afe3fb36945b0
785,7,6811c89c74a156baa50dcefedb2cc963
786,7,68499aae61b2a91ad55f277e61604363
787,4,684fa3de91be141a2bc896fa5870aed7
788,11,68942755c43ef58def148b0bd0ea27ba
789,11,68f441429e73dbd33b81f95da31576e9
790,3,68fe6e93944b69dea947fcf9a7ac2f97
791,2,6906f8e64f30c41425b966482fa652d5
792,11,690895304a632f93008eb3808696f88b
793,11,69171c807a99f3659dad016d444ff43b
794,3,695078b902484f8edb56d01c0b906c8c
795,11,69819243433b4901503b17d9f933e4bd
796,13,699dc7822b719137e8124b728ab45fa3
797,11,69f988efd5a6b3daf595d390fef19bf8
798,11,6a1b223304456bd581de3a1575d1d2df
799,7,6a1b4d78c635b20abadd968877e364b5
800,11,6a20163f0584cd855579c21da7999d01
801,0,6a227fa82bc62d902f35bf4152632936
802,11,6acd770d2042d736881ec41af8740cc2
803,3,6b1344097385a42484abd4746371e416
804,13,6b42fc2011e87c7b873b2bba3bf27a36
805,11,6b68ea3fb37aa6a1d7c5a3a4f80cc59f
806,3,6b92bb57e60251afda09692e18539d6a
807,11,6b99a3e15f9bd22300be94439d98e9a5
808,4,6b9c5b757480af5e34f1fb6bb12ead6e
809,7,6be39bc0f56a584c34705393e6fde8d9
810,3,6bebdb943dc661b7af1e9469a8caeb3f
811,11,6cc08960e9f223d9dfaf08856a268445
812,11,6cc711fede664b46dfc20937bbd841aa
813,7,6ccd621ec0c40be39d7ab5ee6d05be20
814,4,6ce20ee0cd25f2265f9c839747f3f60a
815,11,6d1a1e2db33f7dee674e54db15948df8
816,7,6d2dbe3063ddebc10840137515f6b06f
817,11,6d5057b3813129c1d99c8a903b6c89c2
818,11,6d63950eefb7398e367cb03a3539dd49
819,11,6d6ca571e2a7d2ec70bd9c09aac38f92
820,14,6d8bf88f6daf3b37de081afcf75ec6cf
821,11,6d98d35b1f518526b889b9abd280ae51
822,11,6dbaf5cb557782d10643a8ee59f37bf8
823,10,6dc2d6abe22eaa15ea066134c983f2ac
824,11,6dec088c63a03ec4e46bb233db1dbc13
825,11,6e2d2a7991b9a7beb5e875761a63e551
826,11,6e3f1379dd75136ceb8988451a2f2879
827,5,6e456038d557302367b91b7e0ab71e24
828,3,6e4d3a4cef5a05ff07ab803207bcee24
829,4,6e5d274636cdf86dabee3f8658794d54
830,7,6e679e2463117e1b62cd7866bd920f94
831,12,6e822618c30449cfabec9b22a7de1425
832,5,6eb4a5048e9eca0796db5167fc641b17
833,14,6eec765ffa292bcccdc000289cefe64c
834,2,6ef8d0eb99348b6be4cf97f499d5e6c0
835,7,6f14138e00dfafe64dd7d51ac3d0d792
836,11,6f24854623f36c259071538704f162c1
837,11,6f55fcf90887e86ccc8de8c098fefe0e
838,11,6f592189e8b60b2dcdaffaa5c5724915
839,3,6f82ecc2d5b384d471364b7f8564adcf
840,11,6f83a5557686f8b5e0094aa024e7e579
841,14,6f95fb5868092aeebc6331ac1bdee85d
842,11,6fdca46854dab1dbfbc6300a17b23b3d
843,3,6fe34513bd68faaa3c320af98460dacb
844,11,7000b6d0d0ba91f81a7562a22bcc4f5c
845,4,70080bba1f176e070456abff52203013
846,11,7067b185ed3d5fab1b123508d5108bed
847,12,706b9e39dd3ca40669b5f5c74bfebeb8
848,11,709f8a55a72bc8d897c8a212e70445ed
849,11,70bce197d66d309f2a8e43b7fb4564df
850,11,70e9ff039d7a4dc0d42e306263ae4a68
851,11,70ebdfbf5b83f2760f0f9667eb63b576
852,11,70f17a2033a7d200238a528e3ac9ec75
853,4,70f6f2543cdaf69fb2f89317e23a0929
854,11,711a1dcfd5b73a780173613120828ac0
855,11,71266fdc652ba668c7eb6786cb86ee83
856,2,7128cf9d33d69182b697c9607a5a2902
857,4,712fef8529234126a89d84ddd12d7fad
858,11,71534d95ac77bf11a3ae7345f110e4da
859,7,71548e4c1872755e6873416c2f49afe4
860,11,7183fb5effa999b04d9a7576a70af968
861,11,71a726bc3edeac94d7dbb4ce15cf4b57
862,11,71a88bb0147e0d983ee3327756c99e19
863,13,71c9661741caf40a92a32d1cc8206c04
864,2,71e28e5b57fc8417ba7666c4faf446f6
865,13,71fe24c214f9fe26ad0f2b02f03e3878
866,11,720ef4de9568a0130125b771418430bb
867,7,72159167512ce80b60bdb4d5e32a4161
868,11,722348e372e4e159e5be48d27e15c451
869,0,72740338e91de3ccc276b9bc7681bd0d
870,11,7282fd5de513787983bab59d5e9ce03a
871,11,729cf33930f9dd13798a07f64cbd77e1
872,0,737633fdf1d55a8dfc4cf1309502c7b4
873,11,738e6050558b899af3b9ab0cad5f81f3
874,0,73a32464b3cb3ac9b59c7eb5b4356730
875,7,73c66ed635c83ba1316b28524a31b12f
876,11,73c79d6538f958ed5e7f6c60f8c99c88
877,2,744ff29935b2c8d2d15406adb481efc1
878,3,7454973f4428e8a3426bb3c01e007104
879,11,745af02fc06123ba147b1392b914f8b0
880,4,74a5d20962421bf66e6a7ce6d884fbf5
881,3,74c606bffdaf24b13b0f152228f45ea8
882,3,74e73f1776efe94a5c6278e99d53fa28
883,2,750d6fffa8c1dbcbd1eb0efc7d325cee
884,2,751f30e0cee9120148b411a1df1d6d8c
885,11,7573524fe31ce7272681364786e1e788
886,3,75b7de01404277d521ab03ac2f7d7e8a
887,3,75be870cd9c96839f3dca0aea665adf0
888,11,75d2089cf62ddb4c14cf3f09559c06e8
889,11,760d9f10629c727bd3f97add457eece1
890,11,762f7d0c6ff98df3ab4beff570d77eb7
891,7,763fbb14d1e1f90b977c2f2fc6dd7541
892,7,766b6b4af885baeda68bf22805ffb5b2
893,4,766dca1027b908c589daada91bf931d1
894,11,76df7b096cda6b9ca99db83dc12a5050
895,13,7708533936cc9e00273ae5700d3bc8d5
896,7,770be3f109c6001e7926a38b0837dfa8
897,7,770e445ec8fda752b7eb51ffda2c740f
898,7,771d9ed245872c553b1472e9f43e1860
899,7,775d43db5ba7c26ace5162e82aed780f
900,13,777d21d980f82aa8b4f26f4a4d3dda1d
901,11,77ff64408533adf4e6d91f98ee4ee882
902,2,785a28be2cc5ae5d98000016f6711112
903,11,7872060eee199a83af109a6018e78240
904,2,78b1d4b090ecb5891e8379f7a78d8532
905,11,78c0871b41555cdb2d752fd426102ab5
906,4,79122a5063b8a1261b8b1f03509ef957
907,2,79133af0afb33701bf07602f585760f6
908,7,793d8e745d2b346c4ddc27a534083243
909,11,799b0ccebb8cf55f862a4b362da40886
910,14,79a7b3ad0fea538681d6adcb3b46024d
911,11,79cf278299eca1b29a1c4e2f8fb331ba
912,7,79f00facc8cfccd2487a5c2d33e250e3
913,11,7a1a352b0ae3f85d87b380ea21dc5e81
914,11,7a2b9a6b6c1965a0b7ebbb65e3915fa8
915,11,7a3587add26a93dccdd213860213eef1
916,11,7a54fda52d31c3ef411693cb041c01f0
917,4,7a5ebc8af2689363da125308abe00d7f
918,11,7aa53703720b00e1aee8666cba092ae5
919,11,7ab087cfcc1dfdf881aa1805f6aaf940
920,2,7ac0830655ccc55d28d0293706b72e8f
921,11,7aebf7529507a9cb9818ea9a9a68248b
922,11,7b6ba6ad2c09b8b003c63012d476359e
923,11,7b6dd5119027f123a0108d1148be1606
924,11,7b8db19f397ac83b21e6d918e66e5139
925,11,7ba4a825a1cbe5e122d6b5ee206b4a85
926,11,7c1412be2ae87da1ef0e457b4d8689fe
927,11,7c1f3f289a7ac58896a1b6290f88b52e
928,11,7c2477868f25cf87892fff6d99ae2c72
929,11,7c29297f4683f2044ef345a4e8830eda
930,0,7c37af5c436f32be7ac2b5acb1effb46
931,11,7c629216663d0270a72b29bada465c01
932,11,7cda9f71125dade355b42c30afe11abf
933,11,7cf1c8a09521335911dc0314e1385239
934,11,7cff1d61d59fed386e9c505b42406253
935,11,7d33b818f2c17b12d6097904a4ae7eee
936,1,7d3f2fed7faf3501554970cd3c0d724e
937,4,7d554270ae2c8298289d5cf633cad1ae
938,7,7d5b06d1b8492fa7ede3168e2dac8758
939,11,7d74965bb16afc88cf5f69de6b6f1a38
940,13,7d945116ed12c2807d081df6f666ba37
941,11,7dc365c5b73061d2988ba47a50792300
942,3,7dd38bbf2b01bddc0a5bec20a4263c16
943,11,7e216818608a4f9044e2afd1279b2e38
944,11,7e4631ef11be29330a5f42e48ff12213
945,11,7e9c1924405fe6e60600644b9089c9a4
946,11,7eaff2340e56b0c7e7951268cded07fb
947,7,7eb9ae3f5ef06ed165b1966135faf1c7
948,11,7ec6da09fd0a138bae10c6a38269cfc0
949,7,7f1d0baf6453ac77503dfa6000102c41
950,3,7f33b30d0e1fe6fcc2a84ed8e1bac73a
951,2,7f9e3c612ebdc940098b1ab2d8290dab
952,11,7faceb1045d5308ed845cc0cde9c7843
953,11,7fd3438c1c7336b2549c077d2e71bf85
954,11,7fee48df70e94ce4354889b9889cbc02
955,11,8014853e6d2298932e875eedff854ef1
956,2,8014fe5a616ca4e0b4e334122a404adb
957,2,8077e6cd4cf2ab3abac4b6c80a5ba7e1
958,11,807df53fba347897e5fae5e9b4484cd5
959,11,808327c1f79b5d87e44138c27a3ae539
960,11,808a8220f3377e449fd5a7661e7cd4ce
961,3,809d20badccdf0faeea711d446760492
962,11,809fcbcf0a0b939fe7a9bdd34d910e10
963,7,8146f98d564daf7f6cc87d9edcb92705
964,7,81631e33e41ef32377b807b5440386e7
965,11,8166b9f09ab2d3401b0d221b272cf882
966,11,8168fd6d6b2701c58a85fed783b8739d
967,11,816ba6c6c4567b12f66956c70d2be48b
968,7,81e8fcb1a277120cacd831a036cd09af
969,7,81fa6f7d44af9ab3fbc527644ae84a2e
970,11,8234f64ae86cf8c923d1c814b0ccf49b
971,7,82420936dd94713451b9d4c8404df1e5
972,14,82704fa1c2dbdb928bf4eed0667260dd
973,2,8272af043acf2ff857d2e94d8260f525
974,11,82a922110db042a84c53fbef146cdf4a
975,11,82b50c3e9245e746a7f4fcac145abc35
976,11,82df3f0d73be1f137b85e3c671970bf3
977,11,8326c21cd18c0ae2fa04b779a6feca8c
978,11,832e08ededf8dbafb8f212fbc7e53b7e
979,11,83482cf7a1d51896992fbae89207f381
980,14,8353aa07fab6dbeb7962e7a9ba2c3e53
981,7,836c784d553282c664d502c5c259d767
982,11,83913200ee37a50f3922fabbc9826991
983,7,83bb653868d9b29de5a94df94fe34a9d
984,0,83d2d20b35de3ee2daf0a71120f31cd4
985,11,8440fb4614c6f26935266231d2806cc2
986,2,84533f6ec378865e027a08e54bd9a3bb
987,2,8459aacbe6c369150be053190566bed0
988,11,84abf7668f6b7d19953dba95d5e6bf43
989,11,84dc2edc1109ef72fdb4c5be9d9a81eb
990,11,84eb971ebd0331ec992c7e235aa76e62
991,11,8520b295ef7672eadffdf9d88d8b9a18
992,11,8530dce8d574ee1df18069b182506882
993,4,855a3b95cb49bead247abb5f9c7a7733
994,11,856714d4d90056ded81ba77c997c6373
995,11,85ad8a61a364c0f800076d97e2cbad5b
996,11,85c585a52e6de65977d019ba3668482f
997,11,85eb535e241adf2b7318bd210390e3bf
998,7,861f516882af16ff45234407eda09606
999,11,862a0f53be5bc70d8ae3e493c19d47ec
1000,11,86834931b537407cac2c8912f771511c
1001,2,86966647f6dc2ba48d470310b1191175
1002,5,86987c27e819267ea616d99f7b1f5dfe
1003,11,86b85974dc54b9d430f2fa390e4f52da
1004,0,874700bca58cd6085c771ce98b1bed88
1005,11,876b80bf7b93d685798c6168d349dc89
1006,14,877996cf018bb84247377fc00ac9ec5d
1007,2,8793f1f964fe20cf3aec0dd857678c90
1008,0,8797db416a200261ccb12dc313767e3b
1009,7,879f64e131ca2c51cecab2fa1f5b2bc8
1010,11,87a2344ce6876ea5b2e795e7c6572449
1011,7,88079c671d18bc86a0c39fe6553afabe
1012,1,8820053ebb6d434015dc4141b232bb77
1013,11,8878e97692da06941dedcf44c1f50668
1014,11,8889a874ab21eb8fceaa11e7be87fc10
1015,11,889d968e5ef1f225fa540075e21f5426
1016,11,88a5b9c2dbe7565b25cb978ebf21ec1b
1017,11,88b1ceac3e51ac499015483fd437394d
1018,3,88cfc74af34cd4162be8bc9bb6950c89
1019,11,88d7313785c97631bf3df61e70636491
1020,11,88feeeb024d3f69da7322d76b7b53744
1021,11,8904d51e2a6346bdf1661ba20cdccb9b
1022,13,8907813626e3a8936c6850398c4cf715
1023,4,891517ed336bc63566261723d2a45118
1024,4,89250c0d296660c427ed0d1d5059e8b7
1025,4,892716547de60307a285ee13050680d6
1026,11,8988b9e438bce7e59e1a2ff739064647
1027,11,8991653dcb22df73878bfe258e1f301d
1028,11,8999439bd29901b04cb1c911a5fe85b9
1029,11,89ab02ac03b336e51ec9f04122d620ce
1030,11,89c6057b6086a59a5658de5d227a91a2
1031,11,8a041f2bce33ab829d0dd01f4677bc0c
1032,13,8a1989b9fe49cb45e85c099107fbe1a6
1033,4,8a43457f8698f61e12cc5b91de2eec97
1034,3,8a7bc848b2791b8fd603c719e54f9087
1035,11,8a83012840a59f8e2edf61d9f7a38982
1036,11,8a878d81fc03cb17da03de99b499a8a5
1037,3,8a8be3bc3322a2c4a0f3a8844bdff34a
1038,11,8ab6b63d3232fb07430ab60f59d81046
1039,11,8ac46f5d9e683830b8193f3d60617ed0
1040,7,8ac6c2f22c5d70f12db07117005b3f84
1041,4,8aca0168eaea24aaf0f17558643dd22b
1042,11,8add2328cbe3ab5f96520bca0958c56c
1043,0,8b13f389b68199383778207cb64719a7
1044,11,8b1d869704614f55daae7cdab429d09d
1045,11,8b30f6026babac476330fdcdd596075a
1046,2,8b52112b6a55787974ef827f15129efe
1047,11,8b5665bda2d2a46ee3d2bef26789f7a0
1048,1,8b579a572c0623c19b828110915b3959
1049,3,8b5beb776da3223faf1f066d5772dc2b
1050,13,8b6d47ed609b1f6651a79cb6210b63f8
1051,3,8b7c852dd7f45d0cb225aa7db1cd0f05
1052,11,8b7dbdd0104cec54684b49d4f67c4b7e
1053,14,8ba3350be2f4761427a827fdc09cb86e
1054,2,8baeffd6d41bf42bce9ae4efea0e6ae2
1055,3,8bb88fc297188331e5252b5d43747043
1056,3,8bcc974eb3c874b9afe87a561e640833
1057,7,8bdb4e9ff3f65cf8b9beadfff6fa28fa
1058,3,8c5c2ef314a18fc5fecbaf99db704564
1059,11,8c64582b87376480905675df5e0bfcf9
1060,11,8c94f94fc55436b69c5be2347d84547e
1061,14,8cad09283d1d6c5fb08daec8a576a72d
1062,3,8cc3c766285e320aef48183a4bbe22d1
1063,11,8d0461430f5ad979bdc40af4139ad30c
1064,11,8d049a414f56e84b71f8ecb45aa9e04d
1065,7,8d1f2ec17c9f96e7a9c5ed7930085dcc
1066,11,8d3b78d62523e16a1c95a545651db6bf
1067,11,8d4e704044c6e81bf7078aa544650445
1068,11,8d4f2b0e19070e3853b00c3df2d4d1b4
1069,11,8d588e433580a3c5d56e4d28fd643d20
1070,11,8d7f926b40b66560c7bd9efdd5f272f9
1071,11,8da2c83798b0e4699306995580b35f0a
1072,11,8dbdbf0cedc89e9a82967a7d983c11ca
1073,11,8dbf922d6a707749d7ac162c93ab9608
1074,11,8df1cff98bb36375b35f1e89746507c7
1075,2,8e14e2548c50b79372020771b4eb6dff
1076,11,8e415baa85328a6ba40aced3b0476cac
1077,11,8e5ca9cd7f8d960d13d5d91612453da9
1078,11,8e770e8504a1c34c9d89811c1a14c36a
1079,10,8e887cf8e64ab8e7173701a979476567
1080,11,8e94dd5939ebbc3abf6265b03cb52559
1081,4,8eb71e36921c0fee5b3ba541bd2fe80e
1082,11,8ec248c37442df2ae1fbb1cbd70828fa
1083,11,8ecfe598a0b18f8b2cba0416bdf7bfd4
1084,11,8f02debbb0810a7513e9b65867118e3d
1085,11,8f10475f89bb4a42b23eda8d4afbb66e
1086,7,8f8735ac8b4195951bb460f925a16520
1087,11,8fcfa59f9086f87af3cd2cb9ec6acab3
1088,11,8fd880f50646bdc6b4efe9bcae804df1
1089,11,8fe8d9e73d2f1afd9a6c045a9734b448
1090,3,9001c4cfc8045055359ea084aa22698d
1091,4,9006f5a586fc9d7dfa4a0821536cb7a4
1092,11,90149a48136495d80fb98b0621264798
1093,4,90252502ab29331e94fd3113f11c58e0
1094,4,9029365b9b6fc2800431fa6f2be03569
1095,11,903524281eef81e7d6b55aad8a787e95
1096,7,9046d9f5aa97496b5347442df0ebc31e
1097,11,904f7f4855a46fd9b8241fc7e583a77e
1098,11,90595cd86425a7bb87d815cf62d31160
1099,3,90702dbda20da8380fb559b1ea8c0140
1100,11,90774bf818c61bc504b8bd338a3e33fb
1101,11,90ca13ea1f6245fb407202a9b4e337f1
1102,11,90d80eace3177f8969973d1e6eb36b4b
1103,11,9113cd1280006c549b6f1d1f7ed98bac
1104,11,91294821df79f9fc9a5d34a963f0ce03
1105,11,9171fcdc1012ed7953cf1f762131e84c
1106,11,9187804cff28313f604012414525ba2d
1107,11,919c82aa5420b1bf8a1545747b46ccc2
1108,0,91e241b372990a7e851a4f5a860abb9b
1109,11,923c35153cf21171044b12b8cf416bf6
1110,5,926e263363c82458a9ae48883b7dc655
1111,11,92935e8044963e762dca84024edab063
1112,11,92ac288c576bb64f519c2c9e2f0cc706
1113,11,92d08fc1fd7e5474691e510165d53fd5
1114,11,92fedc3247521d391f1544f5daa7ebbd
1115,7,930569d31168ec975f903e5dc06e8deb
1116,11,9311d8193f40320682d00ee180cd6356
1117,3,934b890ffd6d0ba2a70f784634559afe
1118,14,936b6e24820efd4384a38e7ad426b608
1119,7,93997d238af3cf4462c4676f8ab791da
1120,2,93ce038355f55395d6747c3c9567018c
1121,11,93ce89ff7ddb4c2b8dabd7e673b316b2
1122,11,93d8e612c5c3dd2c6ad4364e325bd68b
1123,11,93deb104b43143bfe41a3e74e303f6de
1124,14,9404274ad7e1f860d8024845021b47d7
1125,11,940922ca970b23a077c0b47301de8b53
1126,0,94126c3b192352d3da494487f5370e7d
1127,7,944129af13e7a81b879b0e810e0cb562
1128,11,94761462a9eb2ae71013eb76034c8fdf
1129,2,94b41e9198d45ec2dd2e8af3369cfcea
1130,2,94fbb23718c1f9632ffa6976dfab8051
1131,11,95529a5a707758ed5d1e83d21ce6bb96
1132,7,95882d7d38042013a64025587ffaabd0
1133,11,95b4d0b3ec3f907bc3f7f0586a84b684
1134,11,95cb11b76bd7beba1b119af74643468c
1135,11,960cce3c6f505dcd8e2a245dd9a41a82
1136,11,960e2096f3874ee1fa88ee10ea7d9ea0
1137,11,96219f5772015da1c30ceffb94ca51e1
1138,11,96431e8ba655fe035ba6e0cc2aafcf97
1139,11,9655c91f8edbd7a15a105e96b7523697
1140,0,9696c9d06ed12242a941200dad9b73e2
1141,2,96a4007ee37fba6acb09f3c06ad7e02e
1142,11,96a979a403188d2f02977f6a2c8e68de
1143,0,970172adc8a7cd614803141527131fd6
1144,7,97192752b47ee6041f923f0fa83bfa8c
1145,11,976780c6ab30b077d6f6513a10a0850b
1146,7,98036217e9945a2747e3f1b8d74d811a
1147,7,98157f067d98b2d4c8e9599b88632516
1148,3,981fc1c36a9d2ca1791af51e6a857496
1149,4,984866d32efb12f24c9ec497f3fad041
1150,11,9859c09401e6a000fb502c507afa866c
1151,3,989227df61226e27df95487219ecb7b2
1152,11,98a47f720111f7cc98738375a8a3e068
1153,11,98aebf07339433bfcbe406b977903a44
1154,13,98d292620ce4e8087db271b691e28a4c
1155,7,98e3ceb19a35c02ebff597e6c6142c2e
1156,7,990868cbdd051df83a7c6608980ad4dc
1157,11,9931c82bbac0fb0967b5dbc82f9c4a6a
1158,11,993c82cbaf875c1268156360e83c4dfd
1159,7,996200890299d6633aefad9073dba4e2
1160,11,99870c97583ccdf2f5f17f3d4cd7915a
1161,4,998f28b5baa9b34f23eaf2e08ed2d63c
1162,11,9a2e4d955369969614b3f5074db133a6
1163,7,9a3e6ab0f0e9396f7af956fe6e45b407
1164,11,9a801c32cc81da80afba07b96c4393eb
1165,11,9aa7008fa27151bf77be5f4c9d023d5f
1166,2,9ab1e3d2a4dacee68318f2afee27eda7
1167,11,9ae73503ea78f10e1de9ea2efafd9911
1168,4,9b19ad7e373e94a7a2364068a39efc9c
1169,11,9b394b8bfb5a820d6bd7ff417670246f
1170,3,9b3d38833985f2caf09cfef4f56d3611
1171,2,9b57d53d69670d9e6f189ac379d0a234
1172,11,9b6940bfad1e04d9deb37b2909e762ab
1173,11,9b6ab33104c88f25698113226fbf8131
1174,11,9b937c8ab128933ebde69d2036b21fe0
1175,3,9bad2c2a4f7ab2873152eed9a099d7b0
1176,11,9bc40cd2fe4f188f402bb41548c5e15c
1177,11,9bcb860454d1dc7ae624f98031580a44
1178,11,9bd440156efc9b22f1ada754229b8a94
1179,11,9bf41ccdcb3d361472efb9284962df17
1180,7,9bf8729166c086673e066fd4d2f27543
1181,14,9c231867e537759d3ef811c0bd9c705c
1182,0,9c453cf6194406f48a40272eec8de2a8
1183,4,9c847be3a6f8d55322f38ebdb347d6f4
1184,11,9cb1c6f7a2a51376b49fc2a81a8fe192
1185,7,9cf5204b6b8b2cb9ad3e4cea7e165dc9
1186,3,9d485479d015f95ad713a98f3fd8d8e6
1187,7,9d4d76311ae2c0cbc4b1eb53c447bed7
1188,1,9d678e20f4a45c137a0492034506d432
1189,11,9d90558f4bba91e1f031f9f244c1415f
1190,7,9da31b9d3cf407cd724c65b7dfed00ee
1191,11,9df1f85ef10105d9a84284e9e4e748d4
1192,11,9e0e1b2ce7fd3f3aa14039c12bc652ba
1193,11,9e2d0df20ee533a640872987303bc32f
1194,2,9e38977a19c95af02aec6d2c6d8eca04
1195,11,9e486b5ff3600888200e17e74c5eb30d
1196,7,9e592a23ed09b72bd6ac10a51fcb1194
1197,11,9e87eaddae62e5cfafb29d7e45233396
1198,11,9eb5aced1d3f0446afeacc4d804d919d
1199,11,9ebee10990ab80c27c56b82eb73effba
1200,11,9ee9ea585c6c22c624b089a1ac6580ea
1201,11,9ef912f82ee02273cbb0be6a201655af
1202,3,9f01d1bae48b8dd9a155c83316a4943e
1203,11,9f1375dbf6a782875618aa06f7523bea
1204,2,9f2ddbf24be732600e33d7f0e23b6f90
1205,7,9f2ee48f84d8538e00c6782d3efa5a7b
1206,7,9f32b9bd43cf9ad82d73df871d6f8d2e
1207,11,9f4057ccb8e730905f425184995fb54c
1208,4,9f4893b1a3d6ea138951c96663bdd3ed
1209,11,9f55b40248441ec690bc72d756e1a23e
1210,11,9f5ac116da8020674caecb94033344c5
1211,11,9f7598cc0ccc154cfb81af44bc6e94fe
1212,7,9fa1fd04681f9765844bae4e975cda8d
1213,14,9fa87786d9a881173e75bb0327383ff1
1214,11,9fae28b3e50b14ac4923357163933edb
1215,7,9fafa622a1f0dbc2bee82d3ac129ea6f
1216,11,9fbfa754e2f45b2fcf3a5cbef890c504
1217,0,a009bbe9d3eead239b8a3ebf22e32d89
1218,11,a0150fefa71d6606d5e642fa0e7b8ad8
1219,4,a08abd96f9e056ad8cf9db4ae5f5754a
1220,11,a0c8af025a6fe283dfb32fc0c205d2a3
1221,7,a0ea4af0c78eed075bb0dfc18fd33cde
1222,11,a10da629c87c8b5748101d9b0c6e5e12
1223,3,a11c477e8dbd65003749c47c4f14d0ef
1224,11,a12e063cffa8e45b6fa392922688170e
1225,11,a1524f7dd2e1a01f93a0f81b26a7d4f5
1226,2,a167a5d9cf8157d98d45c1d0e32b72f4
1227,11,a18e702c62d4cafd2ba1382bedb7ec47
1228,11,a1d0928fba4874397b34c5ee7598262a
1229,11,a1eecb07a631e3ffa95e5e3e87fdd30f
1230,5,a1f93a1aeb02759147d69276c70217db
1231,11,a21d4494eeb90aed201318d96cb3eda5
1232,0,a23f9327866d3bafd064964c9f0fcb6f
1233,11,a241364eaa1c6e1d815ff7b8236eaead
1234,11,a2525127cce13a088cbae6a14eea34ce
1235,7,a25b81711be0a69f6a1258efc1fe52f8
1236,7,a269147f3468bca423791e6122789204
1237,11,a26de72f8ea9889b7332ed5f940d8b62
1238,11,a2a14a5e548c594189749bd6a02d5234
1239,11,a2c335934780f2333b94787de183ca45
1240,2,a2d987a07c249886cfeafdf7674a13ca
1241,13,a2f01e8907594a5cc33b21086a702036
1242,11,a2fe5501b834d1e13030d667a64d3e91
1243,11,a32722b3cdcc657d955cfcb0c05ac54d
1244,11,a33bbb67c7a7089d4734b0c7615d0fab
1245,11,a38f2def5efb5a4c8d6072efed09c350
1246,4,a3b69c7995fff344767f17d98edc9a2c
1247,11,a3dd40d8e9190be52a593ad39a3fd78e
1248,11,a3efb98822777de56766f50b73f62682
1249,1,a3f2130d312ab153ba470886115ea2ee
1250,7,a3fa95b1638389de4e3e16af3916de91
1251,11,a419df6a7c9be6473aff57d6391d41b6
1252,13,a4680e47cdf0ef37aeb19717a9d1968c
1253,11,a496b105147e5375acf6389446fe378b
1254,3,a49e0d8f5d9b6fa172d69f5b3e652cc3
1255,11,a4a9b7db7204797a82479d81463651bf
1256,11,a4b100ad5ffecbfdff1c50ec7338c442
1257,3,a4bc4f2ca738fc2d5377a713c2ea5cec
1258,11,a4f2ee628051a3b73d6e1003ff6eaa5b
1259,11,a4f783fa8ea8ef0f03fb5f67636defc5
1260,11,a555d77ff4144ed1f91518f3b78ef894
1261,11,a581d2f386cfba4af577094ec9c736c8
1262,11,a5ca6d3e4b6bae0610473f4383fc8881
1263,11,a5d9e1b0ca160dcfaf18a21928709e48
1264,3,a5dd747c3e76dcf7c846d5cda73ded24
1265,11,a5e8edb75910efadcc160dd2d862d044
1266,11,a60a7499d0cce49a464d14fab0695d9c
1267,11,a620259d55185b2ebb8b3e108199b7b4
1268,11,a69c300f14d8314cb0f583b7f45b38e5
1269,4,a6ac4c5198cb9b52b994a7385b7e6340
1270,7,a6b9d339b86d7e8e1f665b06c3310261
1271,11,a6bb0069cab63ea1d8d050a315c51154
1272,11,a6da2d2acf5ba2c93a070e8352aed34a
1273,6,a70a600d7c593ca50cc6639cd64ed71a
1274,11,a73dc2e6003e507856301ce5cd64c96d
1275,11,a73f37e98a2cb794bf6560d1af70a18b
1276,14,a744ea39059face89ec2e129728a6fb8
1277,3,a767ca8c832642ebf919de608e8cb61f
1278,11,a788c94c31a96f2d2867d698250c95ba
1279,3,a7a9eb3ffb9634e37c50995c34da34d0
1280,11,a7c1ecb050a46ac0baf01ba3464d0293
1281,7,a7fb235b5aea930583b65960a9ba2e0e
1282,11,a80488b2bb47109564d576a9b9fd4339
1283,2,a8323a788674a3b1d7095b437f879823
1284,11,a8491d9dd74102838230e784d987c1a0
1285,11,a84c197e018fd26c3139db9c470bfa40
1286,11,a8523ad41b5e8d48531cd6aeef1a9edd
1287,11,a86e2b2253230775ac96b448fe283f97
1288,11,a86f44932cba90f4c480c5677ff16a7e
1289,11,a874ea75090fb2b9b80aa286e3ecb2d9
1290,13,a8797f3d317e606d3abee06479492ffa
1291,11,a88838519f90d77cdd7bba9cad50cfd5
1292,7,a88eebcf3dd28da67455654bbfe5a9fa
1293,11,a8cd2b38fb363476138accca70354430
1294,7,a8d55e3a9edebff1c75f9346a68d9503
1295,11,a8fd6d52862d5d281ef05966c304925b
1296,11,a90e106f70e215defdb24a22b3b7e5a8
1297,7,a939d7fc69618695fed8194e6a03ccaf
1298,11,a93ba2dff009e3371585a331ff81650f
1299,11,a97a38f8bcdf16c8d11f2010bb409da5
1300,13,a9e6d9a4ffe9ece67328c36bf09741bc
1301,7,a9fc8e69fb59a5e3edda06e56129b1e6
1302,11,aa02fb3d3fbc460358b30638955bba23
1303,7,aa87d311a059a07f9a0db5faaf518479
1304,11,aab504d6f62ab5320cf99940eff16b90
1305,3,aae4fbd57362a5a7063b40d762c80254
1306,11,aae5319668ab7fa0ebbef24f8031a202
1307,11,aafec8155afa7d76b2c4b3c0c08839b5
1308,11,ab31c5808295d3ec58ee27820e01f6a2
1309,11,ab7ab6d2cd2245b3f3665c9c95b885f0
1310,4,ab7ea17fa5084296d422820744b1e2cd
1311,11,ab8ea366062157411fe5b34802571942
1312,11,ab9f556bbce853c6051ab621baf34abc
1313,11,abae7d98a0ce038be2705fc36f5de8d9
1314,11,abbcffeaf2c914f4e61d119f7b95cf35
1315,11,abd61e1e82fe59815863d66ba9353ff0
1316,11,ac049973727117b85f12559b79dbeaa8
1317,14,ac0671f64fabce5bb59866614241912f
1318,11,ac07fc361989dad50ab81819a48f2e33
1319,11,ac1fb5b85ee2261655b6a58494ff1b7d
1320,11,ac3a9c95767b01bdb4bdfdbec835b24b
1321,2,ac5e32a7c6935026790d45158890248b
1322,3,ac97437364b6701a12e48e3d4559d251
1323,11,acc461541e4c8945e7c277b9a5e55850
1324,11,acc8c2bced6998ed5d93f4c90bf11d08
1325,11,ace20ecbe79bc70687ab2633f41d7d35
1326,11,ace582ed0e321f942bf47a8fc7423ebe
1327,7,acf44ce7340ac104e359677a1f09bc40
1328,2,acffb38162b43eaf0c33121934bc6138
1329,11,ad046d86568a7b668e8a06d50ddfbe0b
1330,10,ad07964690e5174a996e565e06f4aaa3
1331,4,ad4114fdd318c077dd81aacb125346cd
1332,11,ad412ad2b32e8602e47cea0aa95d8bcd
1333,11,ad46dc7d3770230755f1739e96c48573
1334,11,ad6036c4fbe4b1c164e766c35083cd2b
1335,0,ad68dffd63e03b3b6055ac23a24e55fb
1336,7,ad8ec04e168adbc02021a7f636005b31
1337,11,ad8ed837713317c8062861da55a3eb97
1338,11,adae4d571ad1262ac91deb01c44652fb
1339,7,adb1ca25bd896737a61950167e17946c
1340,11,adcc884dbc429755f537fa9c2f6b581e
1341,11,add0641c163f44e47f398b52ef4da36f
1342,1,adf3f8d0e45cd2e4cfb284e1eaddc5c8
1343,10,ae0ea26efd73c891f6fe4f8af687c88f
1344,11,ae111d6254a83cbf1b1466f4592dfedc
1345,7,ae6b048b50f11ba5b7b8b68ea0e386cd
1346,11,ae700b0a3c8ad9503a24a56709d3809e
1347,0,ae813b9caa5b7b58dfa169b907336cbb
1348,13,ae9aebfac21c0f936c47eb52ff16c32b
1349,11,aee5c3a368b199d67fc44d0833cfa6c7
1350,3,aef6a0184b8707e4f49c624340fd0fe0
1351,11,af682626446738a7689bfb682852f33d
1352,11,af69af6a87a04980ba58781ef306cfb1
1353,11,af79b0c7fa45e03d1009e7bde0e89214
1354,11,af89060e928ce20be61a88b061782407
1355,11,af9b502f38656d155b17a46b9aa9f645
1356,7,afd00a1e4bc5b97cc99613f2c8d9ef5f
1357,11,afe39babc1ddb6d7912898e4b53e0882
1358,7,b015ff9eeac77eceef6766be12e88398
1359,11,b03288463e75381b513315f548726165
1360,2,b03d5e4dd84c66369cf35fad8db88289
1361,1,b067862254b74824193087f2a16c0c79
1362,11,b07cc226d71885e00736dc1adfc8d701
1363,2,b0916e0bb2e03036d6ff111ed94a2862
1364,3,b0bae916aa9ae17dfb7ad7ec469345fd
1365,3,b0c43793e79b65eae859453fb8b58f6b
1366,11,b0ec01530790546ae4806a90d8d0109f
1367,11,b0eea889e20f431e465d82b1be1ee062
1368,7,b1b40a982a979df37279ffced3bdfbcd
1369,11,b1c3507d022a50af0b995de81e1e8314
1370,11,b1cef50685daf98378285905bf554e8c
1371,11,b205e5bc293792ed7ef97aa50b8c7425
1372,11,b20e8a5ca1691f59844450db1a675bd5
1373,11,b24814fb0bf1da2187583a825d6e86ed
1374,11,b258929d0c76d4deef822e63eecd91ec
1375,11,b2592b47d3a46f07d90c3e5a9cf3acc3
1376,11,b26ff8347bfe16de1873590500ce1df8
1377,2,b27734ac62f00e699f0c91e1e820c936
1378,3,b2abed343c4faf5d13c585bbf2429538
1379,7,b32d54edfbef54504db682d7d6d5be8d
1380,11,b32fb98fd96e7efe2de8e393843aa381
1381,11,b365e29babecfb9e593536ae6fc85ef0
1382,11,b37221aea36ad409b6b8ed710cb5d178
1383,11,b3818fe5d7be4f68863c6c2d62a2e5a5
1384,11,b3ac4e023303c551c4b564b95065314a
1385,11,b3ad1f97d44c3fe3cb79f4d92737afa4
1386,11,b3bbbbcaaa0515f327e752969738827f
1387,11,b40f749b6984dd1c8140ca0ae4cdb2b6
1388,11,b41f83bcf060ffc8a5782fbe72310fee
1389,11,b427332921ca9f6e0d68bd133123a777
1390,4,b43e19936412e99b8efd1f9061d3f3c7
1391,11,b4453a40526c5e7774b7b9d4cce068c4
1392,4,b48321deceb47105d2ddee08e2914c59
1393,11,b4a105de68a534a768731aaaa1b0dcf7
1394,11,b4ab993bdba241af27d641bd055406a2
1395,1,b52d0d7b2ea2b2e89d4a2a2712e30c39
1396,11,b54b9ab6d0310ce84649ce755fa02f5b
1397,11,b55c4cfc458f1a9d0711874b10d65a9c
1398,2,b569788d5459cbbd713fd365bbdeb36a
1399,11,b57b9a839378f969db586df10679d53b
1400,11,b5a636699579fbeeb2bb4306af22409e
1401,11,b5b8a01aefe5f724e87183b037031f0e
1402,1,b5bd9ec2c8ff3cb0c9f606c1a59ec4b9
1403,5,b5f95dc9fce7c3181497a01d26836700
1404,11,b60c1aac0ddbdfd54c3f261123b5f6b3
1405,13,b610088ddf586449793d3c6da70d4c56
1406,11,b657e08566bc640f865dd628fb67876a
1407,3,b66f2459d3013603d5c924ee370093c8
1408,4,b6871caaf03565202e4c3bafef2af7c6
1409,11,b688e55fb702f9522be5a2b536220ab5
1410,11,b6b38bf46cfd24d4d70e00698a4411c1
1411,7,b6b4f0af32711eb8b6eb9f84805d660c
1412,2,b6bc694bbc19d5900e9e19dac0d8b163
1413,2,b70e1c1b2c51536fc4744389223a5e9a
1414,3,b739e0ffbd85602c82b57468fc48aa6f
1415,5,b749c085963d0f869dce2755f8ba602a
1416,1,b75c7cbf7accdaea8a1a14781bb29870
1417,4,b77bf3cb7967619f5b3d226d63dae631
1418,11,b795e82c956e82f6c0bb1b0f4f4a223d
1419,11,b7a11ebbd2611709c8224d37a55d4990
1420,12,b7e2077a3d7fa0d30e0eb5ec7fa349e8
1421,4,b7ef3f85be23f591802b735971941c77
1422,2,b82c5b29d10371eb721345a53d5d4369
1423,11,b8481fcec7c28550bedf31bc880b54f8
1424,11,b84d4a25bf24ce222ac5dd9086de8c65
1425,11,b852f35a5f818b115edd54572d08e39f
1426,11,b86e04407ecd579976def217c1e48f58
1427,3,b88d7891d85f7f5ed9a7ad619af776d2
1428,0,b8c00648277f6e9571a8ce5fce672947
1429,11,b8c6ab77596800a8789ae53ab6173e34
1430,7,b8ef962dc97739cb4763dfe675a82305
1431,11,b912e97e2973be34475da1204e5869e1
1432,11,b93c9c0ca7e36b54f3e5a2839acc56c0
1433,11,b940de082f791a27b9123e35465bea0e
1434,12,b948aa07167c9acb17487657e96870e5
1435,3,b960c6ee5b5efa12e73f810204b561a8
1436,11,b9e2f33d70ffb02d6d04f470da2e45c9
1437,7,b9f779a15bdf3e24bf490462975cb201
1438,11,ba0c5d7931cc3916e32328e1813c4d02
1439,11,ba16b0177f940e085fda6b0edc5281ec
1440,11,ba24eb6c0efb4699b83cddde14a28bb9
1441,7,ba35ea53fb6a4a0b57b41186fe4c87a5
1442,11,ba52010df5a62cbde4df6a048ec4c2f1
1443,11,ba614d42329c79b12047b32240e0e441
1444,11,baa69cf5ed40380ec4e70a75c21efb13
1445,11,bad12178d0e3fbf12599529781d747f3
1446,11,bb13195699299867a78e1552d9fd2cc3
1447,0,bb25f17188f499220de29c84be3d7d5d
1448,7,bb66329d7f48fdde89bd44631b710cbd
1449,11,bb667148227548b98eff4267c244608f
1450,7,bb675d274470402a269595bf932c364d
1451,11,bb6dd884a9937fb9f9b5d34952bd2f18
1452,2,bb9ea24a896cf552ea401442ef4328ab
1453,11,bbf6968691b2630c90f0de5b4a1fa415
1454,11,bc40a8388e1405272bea13e3d3bb1673
1455,7,bc7168d9c8e7fac02a3b10ed415da21d
1456,7,bca205ea461b9b5aab391cdbbbe8360a
1457,11,bcbfdbeb825bb39dbb125503fd3840ed
1458,11,bd286184ea27adbc9b2a9cfced119e9d
1459,11,bd47152f8e589f25651e35fba855ca23
1460,7,bd6c3c9c741f9302c7ce26b53e4c9d20
1461,11,bd71efb213fe0ace2b684bdfebd78f58
1462,0,bd78bd39035162d425a5c8ac8b088fc6
1463,7,bd95f7b33a9959928bbacfc59a8b6e66
1464,2,bda24b32198ec51f3a02bd9536194b44
1465,11,bdaf8e9558fe3045fdeab38a8a55f9e6
1466,4,bdc9c81991f261b2d80ae9c28c576232
1467,14,be1d43a949b9e0e755c1e36be9cf47d9
1468,11,be271ebec86ed632d4d59ca0b7a5c072
1469,7,be2eb3bcc9ebeba04e0441004e9a674b
1470,0,be32e5b829123106f1d6c5d995dfc498
1471,11,be4085cdec8c6253366b9fffb9eb6f8f
1472,11,be8d2843456cac871fc116ab25d02994
1473,2,be9dd1e0dfe50a60a56015e221bd2033
1474,4,bea5b83d3a056039813089e7aa7f7e9a
1475,11,bef3edb0f658243a81049b140edf6f8d
1476,11,befc129c06890ae9ef6ede2773d9b0d3
1477,11,befca01b733bcacb92e97849e416812e
1478,1,bf5f373eede102c71bf77874c78bdc59
1479,11,bf743b325793c48ad87959c16cb76de1
1480,11,bf7667b035093212fd58f5fdd0975069
1481,4,bf7e8619d57ec826dda88e8687655c3b
1482,11,bf8460232d7cbf3d13a2508e145dcb5c
1483,11,bf881d4611a2941ecbf549a41e5a8905
1484,11,bfd1920e8cb372b72dd05e7b387ed4c5
1485,11,bff51290445aa3a0039eafd4c709de8f
1486,3,c01fa360a5e6eec712b6a43b7eff1722
1487,14,c024b293eb8c01bbeaa0958f6f8ee4d1
1488,11,c05dc8469a8137f458218ced6498c641
1489,11,c094d01a05c16145a507b8a2b840a4f0
1490,4,c0cf6ced8a0907dffe42e8102b51f6e6
1491,4,c0d1aa91dad6cb774a8348aaef0b15de
1492,5,c0e3f3bd815a862433bc3399c487926b
1493,11,c0f4629fe4d80d10adf2ac8d605e40af
1494,11,c10efce1b9ae15a3a46793a5b3e1f943
1495,7,c156cea027720c227089e679b3ae9d1b
1496,11,c1aa413992e82db7cd2e8fc1ff5a3ad5
1497,11,c1ac79785f6de348846242f339bb8622
1498,11,c1cb774866218741469af84b4e359dcd
1499,11,c1cc9adf89443b919c2f56c988fcf01b
1500,7,c2155d600945587d417fe45ba5bf6d57
1501,7,c21e10878f142d39a29636a454bd8d20
1502,1,c24c65259d90ed4a19ab37b6fd6fe716
1503,11,c25ec040d285b5b1b80e0825024d2a8b
1504,11,c2609ba395ccdab6848f456fbca7ff1b
1505,11,c262222092ac2de460cc1327a41b492b
1506,11,c2718cfd2edcbadfe0162a4f4c91f3a0
1507,11,c27e58210244a3467ddbffd35cbda07f
1508,11,c28629b50382b8a92068077a2cb41f52
1509,11,c28bb2b2d7514e69ff69fb87f50eb3b4
1510,11,c295acd4692f3311319ba2ea39a49570
1511,14,c2ac0081b5788e1b734ec73fb51efc71
1512,11,c2aedf6a012d8057ec5585a511a6da35
1513,11,c2b06ececf3e0326c09296f3ef2e5e93
1514,11,c2b836a21bb0c1dcd1a26ea9c4e05c39
1515,2,c3044845182ab8747d5d5238a4d58c66
1516,11,c355c910fe6a819947c7243038df89c9
1517,11,c3c04381d2b65a01818f53875ed5ad74
1518,3,c3f196f1d015387cbc3c8ea7dc7f5090
1519,11,c40012917a83bcf9b141b0beb3661d87
1520,14,c414a81a76886b53ba8397999ef8d01f
1521,11,c442e26345d910b83d0aa806cbfa2ff1
1522,11,c45ca70577e477bf54a23296da7fe998
1523,7,c4707ab15ed4287a9c3d1b6097dfeb1c
1524,13,c4a665596d4f67cecb7542c9fad407ee
1525,4,c4ba4ae1a518779efc096ea258259c22
1526,7,c4ea86f3463f168667d711cb5806315f
1527,11,c50826f10587e7214b3f6970a9bc0579
1528,11,c525131ab39e17e52b7370f84452bbca
1529,7,c54dd67ddb268f5574dc35f360e10e87
1530,13,c589e31f27f0ec50b30f1f31443ad0f1
1531,11,c58be9548bd5727927ccbb7da4406aa9
1532,7,c5c38934349543fa1da0bb09eda51ae0
1533,11,c5cc3fadb156749db0f4efe4e32fd16f
1534,3,c5cea96acc04f1414836a915dc34748d
1535,11,c5e7a5251c842eaf71da0d6e9682f0b3
1536,11,c6047e5ebf576fb4a74880f90da1285e
1537,11,c628ba2e8f410569151d4ff7dc23c09e
1538,7,c6448081901e94d7bb81bd83538a5a34
1539,2,c6550f646ebd1c73e64f5c227112c0da
1540,11,c65b5c4fc602c02c1daead8ee1219e74
1541,11,c66339733d8b73d6dc2e23f31361bdb0
1542,11,c67d66dd354d921a8c6652ebaf82d8bc
1543,13,c68cce0f709db5a976ee5324bbdaec98
1544,3,c68df84a2c5196f02ac88eb98f43b119
1545,11,c6a76e321eacbb5aff42a5d1a4fd5542
1546,11,c6b64fe712d290f9cfe295bf3c59f07b
1547,11,c6c886597daf8a655f1408719c819bf4
1548,11,c6cd364b6d3c701820bcada52a92a9b8
1549,11,c70928a84fad506a274e63a2f367476b
1550,7,c733120beebc2b133d2f462013c0afbb
1551,7,c743ad4728fde0efd5be8dd5b90d769f
1552,11,c78bd8a972a02df0cecf4dfc6b7d50f6
1553,4,c799dddcd02bc4030496e526be6b9e87
1554,11,c7ad8478c33048ead1befd5c4a4da0db
1555,1,c7b711619071c92bef604c7ad68380dd
1556,11,c7e043e0f743476582f79ba27ba3c51f
1557,11,c80a0b0f37e8e9d1aefbed6f5db092b7
1558,11,c81004d651bc67ff0cb40ea7d6e861b4
1559,4,c82dccf4ccf7017ba622a86f5dcbc736
1560,11,c8416ecfc35c34b3c700d2512cac548f
1561,11,c842c6af9cc48711ec34ea2a83d627bd
1562,11,c8779fc001e5bfa9ec2312bf3830a26c
1563,11,c89aae1a0a88af25bd086b0bbf0520c4
1564,11,c8b1913a1e44c02b58068e406b636799
1565,1,c8bd18ea08d2f47cb0a7992f11ada9de
1566,11,c8e4e861b77baa9d8803312946c2cf65
1567,7,c9095e3b83efdfc5661366e00fe54f2a
1568,11,c9316926d83f6e614fcc423839f4ed13
1569,11,c9559c7de2742a8ef3ed1ad35707182b
1570,3,c97c8aa3371b07d86d8bd2b7384baf5d
1571,3,c98fef53d3b6948fc1bccfb1644ab516
1572,11,c9b98e30e55b931ed38eeabe9fe9ae01
1573,11,c9bfcdda1f78a7ba6a7a392a86bb5a42
1574,11,c9e714c81da7ecdd890da9eb6689d389
1575,3,ca01508b10343dab5b28a1526ce9982d
1576,11,ca02154470d92efe419c4ee3263d9e39
1577,3,ca0ab467d14a5063de47e379d2d24301
1578,0,ca353826876aea360e784c93055784c4
1579,3,ca4c5a242147c851906ae4fd6320a4d4
1580,4,ca508b71f8e81b9ba5c419e9b31cc2ef
1581,11,ca60378f8791f7bcfa9fef43ebbbb53b
1582,11,caa21b503589094d34951eacf1d56e3b
1583,11,caa9e0cd2c36e0ff82185797ca633b4d
1584,11,caae0b09994b2402126963ee7bd88615
1585,2,cad2c790d17a547938e9a9bdb57ebf4a
1586,11,cae0b856592a54a71742c75770133fb0
1587,11,cae28fd6234874ba6ccbb7507fbe8161
1588,11,cb0f76f5f294cf38df8ae6ce2a1322db
1589,7,cb822ecde73d4362a6dccf0595a83cbd
1590,5,cbaca3167c8aa7c3352f2e7be9300285
1591,3,cbbda0778454f639ae7182a4ec209142
1592,11,cbbdea000933103384b80c67c8129364
1593,11,cbf5c3446106ce64ccff3ce7c2476fc0
1594,2,cc2c9ccae08409e999fd6490104798ef
1595,11,cc2f11f27a853d25285959be925b5016
1596,7,cc75aafab66bdbbd714fbd6e6fcdbc92
1597,11,cc7ac4e6568c3382692460dd44f28e0b
1598,11,cce37a08cad3cdfe888b1ceed01d40c5
1599,11,cce97781076c8fbaf017d51e1508aa08
1600,11,cd00893acd91f2b4e5f44c0f549552e2
1601,7,cd02b1ef20992e3bccbbc7cb21e44298
1602,11,cd1a0ce81dc19b43de2cb020173b64fb
1603,11,cd26b6e8d94238ae62d88d2d7cc73a3e
1604,11,cd3e38e472e1544f5969243ba6cb3a2f
1605,11,cd624edaa13137b12e20689fdb0f6146
1606,11,cd6cc4a29f81c3cf2a573600dd46b8ab
1607,7,cda72490a16c471e7a192a956f476e95
1608,11,cdc64c929d7b18e1ae23af4626c5d1c7
1609,11,cdeb3f0a935833cfc8e30e020ef04798
1610,11,ce35a682cd1d796eb93d2863c6c55010
1611,13,ce429dec957b9d6f3658eaa343fc40f0
1612,11,ce594d50580ad4bb23826e7b8be5e15f
1613,3,ceaa7c3391fa0bb7dc4aac10300a827a
1614,4,ceab011c02f6ea9487d7f8ae95e673ee
1615,11,ceb2db5108750cf3c552ec2421b820c0
1616,13,cec450400539c79f06aff1649043f170
1617,11,cecfda95e05de3cd8fe0f52887b99182
1618,4,ced0c1a84924c982a6403870c54b99ca
1619,11,ced1b276c04d70176ac39aaf5423e19a
1620,11,cf0c31c18f1ed7065e20442bc991df9e
1621,11,cf2c74c5ebbce5da3f45e188a1f0174c
1622,11,cf4c78da513161dd6eccfc389288fb97
1623,11,cf5705a0d56224741fb74726c25732f8
1624,4,cf91eca9321c9c272fb4e7cf4bcc6a43
1625,7,cf99d87532dbf41d82c415474e61afda
1626,0,cfa2eba0e5c031e0d78a6b4529882e80
1627,5,cfb54b1ce12bb3f9b6b9e2ea0b57414b
1628,11,cfccaff68f9a0789ccca8be2d43079b7
1629,11,cfcfc30e3761dbef9fa08c44799f5ae5
1630,11,cfd1d099cdc567ed59f464660b2ed017
1631,3,cff633e270708ced01bc585eb1421667
1632,11,d0048a5e784c6d4ee214a2ecb89278fa
1633,2,d02d35a305c87172ca67ca59720cba77
1634,2,d084272630b1d93f436019a35461f1ee
1635,7,d0b646f00033de4bd27df5d094ab358b
1636,7,d0bb361e998ccb208a69762652410bb4
1637,11,d0bc7ee74da152317685cf020119aa5a
1638,11,d0cff7eacc94ad94473ba3aa987e1b17
1639,11,d0f606833286c3a94ab2bdef955eeaca
1640,7,d0f9afe9074ba61c5793c975976446b2
1641,11,d15aebeb3f5280ce7cda14306818cb86
1642,11,d160bb8bde6db6207082357dde22df3e
1643,11,d17788d88fcc592802fe99753c2fbebb
1644,14,d185c5ed37536ac0063f735f7a15dd24
1645,7,d1be4d17aa2698e849ee276a30ed1ad1
1646,11,d21b200bcbd1d9a16cf1b6abe9565b60
1647,11,d225b478028c7bcb1aae300e3384da0b
1648,14,d22bb534b7964c0cafab6aab1995f000
1649,14,d23f1d1cd4efe77dac5482f856a9d12d
1650,11,d2b89e260628f0a05df1846e1320a759
1651,11,d2c189b756325c66e9e0568ba45a9dd3
1652,4,d2d8c0f1e97017883799eeb270accbf4
1653,13,d2de88fc7856a5f50c05e8d9b7a20838
1654,0,d30eea686dd9375430858468d5aa8824
1655,7,d35a34476be067a04fa756c8c0b7dfbd
1656,7,d362736d288d6997016766bfdf846693
1657,11,d3c741c69df45864971404064cd241c4
1658,11,d3d2cadc81a218b6aec786a2dbdf9e09
1659,13,d422a9e072907827d1571933f897d9d2
1660,13,d44d69c3343c3c95b65adba475d1bccf
1661,11,d45d8341d2cc87e504e7192694fdf836
1662,2,d460659ce67d81ee542ea4ef5c62bd71
1663,11,d46e3eb5cbc88cf3085bd8088a55c476
1664,2,d49f693a4154b7178562bfeebd05e30f
1665,11,d4c23fdadfdce9165742d7b38d545a38
1666,2,d4e879aca51d48e0feba3112f0d1b8cd
1667,7,d4f898102d7cc1a5eb84579621577da1
1668,1,d5285a5b153c43fa0028b6fb6965a3f0
1669,7,d5bfeecaaa47887a4b92d17fa55c2e18
1670,11,d63cb500107b373c3204debe5001e216
1671,11,d6498a7bf0f299a8c514229a6de7267c
1672,11,d64ab77494626c198f8da096eaaae309
1673,0,d653e6fd1013dc3cf980741e001a6e20
1674,11,d66fe8781afcef07512696ea20a7b8eb
1675,11,d68a352e6c31cb6380c7943c89280255
1676,11,d6b09671b3e783c0d54fa5e8ccb26161
1677,3,d6b7feb4e97a1c3d1d0409a2cda9e1fc
1678,4,d6c2e7c74cad027b49b4369a0548ddfb
1679,11,d6dde3ef1ab2149fc3b9db903d5f5d01
1680,11,d6ff7b9b675908c9b532a674391279ac
1681,14,d7012f5714b8a6a970f5bd34806267c6
1682,7,d7298a230a72149abae147d70489a1a0
1683,11,d80f45b71d9e6911ccf29dffe57439cb
1684,11,d8165ab11f4ae24f317a56171832dfcc
1685,7,d84357079260a0bb22da7c2bd4d701c6
1686,11,d85872eda68f601ec85bbe0b0642c517
1687,11,d86dd1e985165b0438b19d8fdd79224a
1688,2,d8954cf0b3f269715c0a1b646ee22bed
1689,11,d8c8c2a73e8b2696fd0d18f4953ad2a4
1690,14,d8d7dd92187624a7afc4714bae876802
1691,11,d8e681f0c9dcfaa7bddc517e3e047451
1692,11,d94db174340b1a4ca91a27226ff47761
1693,11,d962f4c1389fcacf76200b0fd64a3308
1694,11,d9894f9cca1f1e41a96f490f1c35fe31
1695,11,d9a60d6dbdd52171dc786aa37c58ed74
1696,7,d9dfcd7b11bc8bc8a185256ea80d75a0
1697,11,da16c612322f72b78eb9e82cc312c5cc
1698,11,da2cd537a92f474b9b806fb0e8fd62ba
1699,11,da30e69e8d19849322b8f66692de6ce8
1700,11,da666c0b99a7ebdb65ac16038d2c5b76
1701,11,da74b0abdd41cdf458afd0dfebf8c251
1702,11,daa95fec53e0f1fa1fe0ad5288817b7e
1703,11,daacadd948566ffbd8ffe0ee62c9efd9
1704,7,dac0433d16a2a5e03a80136acc1e50e3
1705,11,dace29a21199fb0d7e448a5934f0d82c
1706,11,dadedf5a68c5640f8b838908f643ad1d
1707,2,dae33d52285694851388e07558a3adde
1708,1,db01afba1fbd4cb3686884a7dfe125c9
1709,11,db0c07840dfbfd64e225ae2cdb73f0f3
1710,4,db29fe8899be1b4a7612f9941a24c24d
1711,3,db2c098d411a0bca565c3946e805ed93
1712,4,db45f0cd6166195d80838817d4371660
1713,4,db54d9d5b110c3a457bf89559b6f89a6
1714,11,db891552cb83232b0f2bcf78f353c2f5
1715,11,db8d53cf1a7471e4b7e5ae20eabd49f6
1716,11,dbac807bd15d2c3b0f339315d4a51c2a
1717,2,dbf97912b04710c92b49334e8d91fabb
1718,11,dbfce512dcdabc6b6e2724b6ec44efda
1719,11,dc1d3cb9517bda57aacd65f5b1986c6e
1720,4,dc57ae67a89ed3b85f394f5ca5b9ba1d
1721,11,dc87be3005896d51afb15ba79d57eb5e
1722,3,dc8e1d0c7e95ae832902953b1dc4a22d
1723,11,dcdb485c74bf66f5f0c65dd77558fca5
1724,5,dce1f234d6424aa61f8e7ce0baffd9af
1725,11,dce8ae05863c8d60f235e4e0d72c2df5
1726,2,dcf5bab6c69f8c6b67fa8529ca98e8af
1727,13,dcf79f9ef54983fa6ad2f03045a727a8
1728,11,dd4c15bf5d52af843c1100ced670b92a
1729,2,dd58fb957a4cf683ad786792f9e8eec9
1730,7,dd76afb24d5179ac94c0143998a2dc5f
1731,11,dda9e8c934bfc27ac5b2aa569b50d4b4
1732,11,de0acdb3aa78f3008b2c0a7189ba8d53
1733,11,de0d37402ef265517f13173380121b89
1734,11,de37768f69fca7176ecddcb7e2b320ac
1735,7,de3d8d525e0bdfbf16812b2897c391bb
1736,2,de82161b6586ed690a1dfbd9d6e34139
1737,11,de8e98f8e102df439f312ab263259966
1738,2,de96549fe7e95032ca74cf83e70eded2
1739,4,debe9dfcc3e4dbea1c509ffab6bf9f0b
1740,11,df30710482b5d206ce39c936d5b6137a
1741,3,df39ae3c77879c20a8ed62651ce37818
1742,11,df7131bb5831e16de487438bd406348c
1743,8,df86a6e432abafd11f1bfd355494b0e4
1744,11,df89d25875097dc381d80c84335be085
1745,11,df8ee4425dfd76336c3aeb798d3d5903
1746,11,df988708bd5ffa473fc62b45a203a658
1747,3,dfaa87dc6582095ca5bd9bf70de2d1f0
1748,3,dfae769c739093f5225cecaf4d5a612f
1749,3,dfb085b0647b9ee8ce010670d1e30ab6
1750,11,dfba674c933e703626ad1f7bb21645b6
1751,11,dfd80a3b31af0d718536639325a69242
1752,4,e0208aba8eb0e6d27b9a283bd2c786a7
1753,11,e04f91454e2a3ad723086357d8e9aa33
1754,3,e098042910615ad78cc7c93d90d591f8
1755,11,e0a043194cdf8a069ea2f260b51ea222
1756,11,e12a866bee69cbbea9c1bb6b2137499b
1757,4,e18afd243d50032a8a36e3f1d5d99d53
1758,11,e18fadbb06e89f6f03545537c02b8bee
1759,7,e1a39c1d69e1ee003d3ead6c68f13729
1760,11,e1d6f28e1ba19d15552413f978eab7b4
1761,11,e1f577b9829aad3ff1321caf5fd55c41
1762,11,e215b790b11c5fab057ff129734b2fd6
1763,11,e23b00a970cd0ed5ff53c865899374ca
1764,11,e25462ca4bf3eb06bcfe2da143ccccd1
1765,11,e28cd1ac8a7657102429b9f01e83e857
1766,11,e2a0ea5c707d41e33d49413b4abce0b9
1767,11,e2f7a1776a19a0606ed4edc0fdb2958f
1768,7,e3334f5df6c5bf053070749a5f70fbc5
1769,0,e335c0f313a82ef86b34b5f01da54b88
1770,11,e379ce2dc88748569ddfcd256d32cb26
1771,11,e3b5eea8d7ddd16629d485381ac22346
1772,11,e40c785d6e4cb8ba5417463b57ad8fb1
1773,3,e413ef24bbc63d4f9a2a24d1b461bc98
1774,11,e4395e351afdb248e60ce04785c3d096
1775,3,e4522fed8db6c62127eedea2fe1634bd
1776,3,e45c2e3a0145b9c87e26cb57ef7a4d8b
1777,11,e4825a6893b7a8525417bd1639999211
1778,11,e4aa31185fae6b7f870b19e0033bba68
1779,11,e4bad2eaaef625f34e0657c120743b6b
1780,11,e4d5fdbba51406e917f26f3522c513be
1781,11,e4f25364a330f1c0c357b47d8c3972fe
1782,11,e519f42cb94933130424ad8c3cf9f5b5
1783,11,e52f37e5257c7dc6121b5b8facf6ce80
1784,2,e5438bd5e7a11caaf7c625d9d5ab7b50
1785,7,e54e9a8a6f0445a4d82a8d6dd2f2b823
1786,11,e5d867b2770e0aade8653a4893ec6160
1787,11,e5d8973ae435ab52c7592094dada817e
1788,11,e5ece39842a9b39acb70b33cf853fd29
1789,11,e620e32a8fb45a92d9e0cd2d018bd932
1790,11,e637bad95c8aa9aa7500c197d151c085
1791,0,e6449990bb6a761a964e58dd95f7a479
1792,11,e644b4306f7ecd4d5158ac0179db76a5
1793,11,e65002dccbd12e07c33815a27e72a6cd
1794,3,e655ac577472f773e5e5ecf55ea53681
1795,3,e6908bee040a2dc180ad37627c8a5148
1796,11,e69cb78cc8546cd409c891c1ca66ee42
1797,7,e6b61cb3f6d8c2bec3f885f43ffcc11e
1798,7,e6ecd34f8cb33cdef9c25080296aab72
1799,3,e6fc24ca846339d204b0b50e9f772484
1800,11,e730a3934cfe762dfa1259dd2c5f1718
1801,11,e73b4d28a1a72ba75598ac296257fae7
1802,11,e76a275d791551328820676404dcb856
1803,2,e78955fd5dd027a5f83d75b38343bb59
1804,11,e797155d08808973ed29072ead3ff489
1805,13,e79eb35132023b80bd8610a4ee16e52d
1806,4,e8020d4d03c5daa52ef6d80cb1e81480
1807,11,e8106927d7602afcb1ff9790e4e4f755
1808,14,e85301469c72e1e53e88e8c0a1b54834
1809,11,e8d0f573ac95947eeb28ff622fade5c6
1810,11,e8ee28c2e120b90b53496061b5d700f6
1811,11,e9040be093b47d6d6ef08f9353d56fa1
1812,11,e90bb031d284a60e532413289a31b6ac
1813,3,e920cfe91ed07f0d5172f8ef60e01afb
1814,7,e9397d3a0170e180e934044c6d26d594
1815,11,e94449a30a374c7520ff1d89fb772c07
1816,11,e94f8cdbfc429ce344ffd065e810db08
1817,14,e95b9bb287e5571345c0e94f3118d667
1818,2,e96259563648fc1131b308f768584f6e
1819,4,e9688e300580729c1eccbf565d5011ae
1820,5,e983f56659b43d6691446b013c0b9ef1
1821,11,e9b63be88a5ebe0f22d5eac34c5d6e5a
1822,14,e9da9f97fbe39e61f768b34fa06191fa
1823,14,e9e9c55a9acf6e9421db2863f2e4da2f
1824,7,ea0bf48f26b57b595b20e1a1af0a0879
1825,11,ea15e8cd5043774294d41f319581ef39
1826,11,ea6de4810826c67374a5d37eef4a4b78
1827,2,eabb0e22d393244d0ae30421a623f884
1828,3,ead3c4d1d900ab7d97da9bfd4d8409c5
1829,13,eae84b730dd8eb884077f713b0264850
1830,1,eaf90ea9a5c3866af372589e011d4242
1831,13,eb01393af653df8a7e4c2834eb58412a
1832,11,eb100fe9347029de5932825ca720c0a5
1833,12,eb341a778d385ad6ebe16e90efb48c08
1834,3,eb34f5dbc8ef8aa6bce13d34bc5d4ddd
1835,11,eb35e0aac579c859a1540f2b81c13b1e
1836,11,eb882af1f20961ef6436d41e1708754f
1837,11,ebb09e264e209fd2a2df2a1ecf219823
1838,11,ebd65237f5821c453e0a341ac9151593
1839,0,ebef63de0e8fe04e0d681a25face55c9
1840,11,ec09673bc3e007235e232eb6d7ba0321
1841,7,ec1dacb078a66e96d61a3605bceeb48a
1842,3,ec5d895b522eee0db4ddde3c6da17221
1843,11,ec64491cf0ea4b8a3cde5e351582631d
1844,13,ec9ed18ae2a13fef709964af24bb60e6
1845,7,eca071bdb469e9364a14a80ad544792d
1846,7,ecaf79e19cf39aace8543b8410442fae
1847,11,ed0be5b972ef630006a47e6a555b5657
1848,11,ed13e9303dfe637db6d4a327534f72b4
1849,11,ed20ce1c447dd68b758f96f2e2551b92
1850,2,ed64bdb93323c463547c018edd8c1876
1851,11,ed6806fe825b1b6a56becabef26fb0c4
1852,11,ed7123f97afbdba2c4da885d87fe9577
1853,11,ed75a7955096608950329db259f4066f
1854,3,ed9fea5c1775ffdc57624195eddfc671
1855,1,edaab5209d66e9634a79a8f23fb55bab
1856,11,edbac233e715ca6d630a2fee71632072
1857,3,edc4f8e4255fe47bede91eadb3fbcb15
1858,11,edcca80d878a9c6df4191d17ccc90892
1859,7,edf1e80e9d1023d72be82ffa2e81aaa9
1860,11,ee1e6e5903db2b5a9f04f4f879ac6ca8
1861,11,ee21c04f96ab30a8b3ca761e57e016ca
1862,7,ee302f5dd08dfff4b69021fa54c5afe6
1863,4,ee37a0ba58b50be32617d354a3103b51
1864,11,ee3af982acf424284291457c3300fde0
1865,4,ee441af33a59b66a2026b029a24f269a
1866,11,ee4810d178ce427d97a3164cdc2f0234
1867,11,ee6958ee94a398e249bab04f28660b3d
1868,11,ee784882b468087ef5f1e029f33f4f72
1869,11,ee812fbf7798c278853095e41cb52bbf
1870,11,eea36c4d25db1d69fb6442753c509969
1871,7,eea6098b1febdc9aadc5470f721165ef
1872,2,eee24f4235f3c6c77dfcb77fb855bd68
1873,11,eeea6c42b6f53ba9b06adda9f222ab06
1874,2,eefefb61b46889eeb08c1ea8d6aaf2d1
1875,11,ef3242a6f900ede54fb74b71be822e37
1876,4,ef483b1a0ab164698fe9b232706f66ab
1877,7,efe0522512ae92bff7f12e5d5c93e8d9
1878,3,f037731b0a846febacba119990ecf11f
1879,11,f037b8553082069f0706ad89c1797f03
1880,0,f04f77c7c1689068a3856503098ad8ad
1881,0,f0580396750412f37b903e0551537804
1882,7,f07e911d46314ccb8f06a7ac863159df
1883,3,f0ac31a78f2536f20bdad96bf48ecb15
1884,11,f0b07713f443a4da05532647ab8ba345
1885,0,f0b2b0e013970cb4e096e3dbc561f434
1886,2,f0ca0b553c8010b83276696e9df23abe
1887,11,f12ffe41e1fb3b677894171f078990bd
1888,5,f152516615efd05cf4b4903b03d4a45d
1889,11,f161e72a77767632137ebdf5fe6b54fc
1890,5,f165b731ecfaac92a2f7ba92d07ccdaa
1891,3,f1728a9a189d57bac75fc58ee722781a
1892,11,f177295bf1799e3d52507ff9c4c2e648
1893,0,f17911f6facc9a912a58a43cecc7bf57
1894,11,f206849597097186fd81a9caeea38505
1895,11,f20f7435913646803f6b5ef8381214f0
1896,4,f234dc7b5cfe0d08f7e14557e2fa2e6a
1897,14,f25745018bf22f005d1f198e2552191f
1898,9,f26a7266746690b16a77b3073651d75d
1899,11,f28c101f95abb3ca546322f55d5482b6
1900,1,f28e2941cd8ffdf35d778c3578cf7041
1901,11,f2b236a9963f0c3692f1f8aed692a816
1902,3,f2be582e5deaaa8558adfdcd1c92a6ac
1903,11,f2daa7b0ff780703df19d42341ebc04e
1904,11,f2e275d2438b92b8cd2ab9c1624f4c42
1905,7,f32fd3acc6b050e411d97e4235b12102
1906,0,f34db954147ec2ea0f8db1bb17b0ae60
1907,11,f36c10f796e17492bbc5e047c0dd5d5f
1908,5,f3848b78b70702300c576fcd56a9addd
1909,11,f39e1aa4fd1ef523e102ad1ac7bd6ff4
1910,11,f3b2e97ae72494b840d654cc63e391e8
1911,3,f3cb960ba923385b85cd01f0f15b1510
1912,2,f3d622c789288a27702b18fcef6b3430
1913,11,f3f68ff0c826e01ceca91504a0ce5bbd
1914,11,f46989b1332fddc424c9a92db169021c
1915,2,f4db35d2524b0d498a0a1cfa2a5ff9c7
1916,14,f4ecfca825c8c12b5013b899aef55eb4
1917,11,f509c3e1ed8172fb83564125c21012f4
1918,11,f56ce54a1be6870f393ba62f4231cb93
1919,4,f5a455e5fea834c85429331d934c40fa
1920,11,f5bff02c9cd125d255a41bba3ff614aa
1921,11,f5c4b08ce07d102062c2947967ad750e
1922,7,f5cbf781243f069963c2de6d622a6b90
1923,11,f5e6ff133144234dbb8a2c83abd95f8d
1924,7,f5f16c6761d6240c49e271251d9793bb
1925,11,f64edbdfd5365b9c96ddd258b04b0697
1926,0,f66b339c9fe074ffe2731d83f4a97821
1927,0,f68747bb1a7894e2079df1ef374cd033
1928,11,f736f1ba42755e82f7a2f7310e3340f8
1929,11,f73e0597cfe9708118d02de72d265e3b
1930,11,f7743bf6d0b96097f851d764f6f3201a
1931,4,f7797c89f0833cc91f84cd1740a4cbe5
1932,11,f82d78d2af6b1ff36ccae9e42b98a262
1933,11,f84ce1249cc0588fe9cddeaac0f3ae50
1934,11,f86c7fdbd3a5bd0bb7b34ee1b885479a
1935,11,f89b495364737a1bc0039b9a8003de5d
1936,11,f8e083910fe9ae7485ee2feb48ab8f15
1937,4,f8e67df2dd557f44074271107ab9781a
1938,11,f90206b56fb4d6ad8dd9ae7a862af9cc
1939,11,f93792d9d2f8f02abc71ff87418bb015
1940,11,f94302633df506af446da1a5cbc9dd2d
1941,11,f97121dd421dc1097ff63dd6e237c2cb
1942,12,f9913de6246f7b1d28d51261c268f0ae
1943,0,f998c4223115789fd2cb8228874f59bd
1944,11,f9ee6d53edebe412feb1118b618900c8
1945,11,f9f11c27e54f8c28a0d7e96e41e7553e
1946,11,fa18cb7f5adf36bd6b5fd17a8c166f39
1947,11,fa3c1a04c56c89f4fd81b8d07148df95
1948,11,fa622b027240c43c1e863e21f797e6e4
1949,11,fa6997531106b3295603072f0dc8279f
1950,11,fa7181bf8cac4865f15a79cdda1020c9
1951,11,fa8853a607695e938bbcad1e5e9f7076
1952,3,fa99a6fd2d3d7419c20fdd03704c5822
1953,11,fab28396b1c088fdbae8500396a3ae90
1954,0,fafbee588d44b4a8d561d81680174dc0
1955,11,fb12379424d0673cb8ca75ab680625e3
1956,7,fb40e2abedc62b4496e69b5769dfd9af
1957,3,fbc15b8efc0a6d6eaae607c074816644
1958,11,fbc177cb33297b84c2ee6c7b2e4aaaea
1959,11,fbc9b51da15391491dfead2ce7830a00
1960,14,fbf6c91454d7c3cea7b03f3092cbfb73
1961,11,fbfbbf7df045836c3edd8fc8db629e48
1962,11,fc064088b2ef13beda417ca4053858c7
1963,11,fc12e64d403e9c56af8fe064f906b477
1964,11,fc23e2d1717be722e4ba820a4d9ce1fc
1965,5,fc5f86251458722c799d1830fa0c2c1f
1966,3,fc6f1150523e511c04221a3073d2357a
1967,7,fc75192c9bc645724d78bde15d1fd345
1968,11,fc80ac211ab3f2a5c8bb8129f3c7e787
1969,11,fcf79cb0119dda052b25bf4d6ecb82e6
1970,11,fd064933250b0bfe4f926b867b0a5ec8
1971,11,fd0ddbb417cf240e593726c9b525ea26
1972,11,fd123209467a1e417afbf89f3b7525a5
1973,14,fd16256fcb05cb6236cf6dfba9dff294
1974,3,fd519eb13005448a303df1089505a42b
1975,7,fd55c4022acef4de4c7dc6cdd85a2d7a
1976,11,fd827c1fc0fe591dd2835568457068ef
1977,5,fdb89dfd1a27256904eb5a5734252102
1978,11,fdd0b49f7a05f53c0346aceeae35f532
1979,2,fdf58d7c27d732d8645e60f9106975e3
1980,11,fe16a9c888c6de6ab6c2388e095a7d94
1981,5,fe50ae64d08d4f8245aaabc55d1baf79
1982,14,fe5d18ae6650335830e4c1dbd9e6ddb9
1983,11,fe95404ddcfbb77cc97e9adf4920ca85
1984,11,fe9748e4a7e01ac06776aa2fc1ae6430
1985,3,fe998b49c41c4208c968bce204fa1cbb
1986,2,ff1f1e5d2708809c03d03ff8b689030b
1987,11,ff448e21fa12213374f6b8a58f6df267
1988,11,ff5cb535afe362f766ca6bd5d8e92e88
1989,11,ff62e7bffaca5e0ac8029cd29298c8c3
1990,11,ffc92adb6c3d11bc99381b19228d25ed
