pr_sku_id,pr_group_id,pr_cat_id,pr_subcat_id,pr_uom_id
fd064933250b0bfe4f926b867b0a5ec8,c74d97b01eae257e44aa9d5bade97baf,1bc0249a6412ef49b07fe6f62e6dc8de,ca34f669ae367c87f0e75dcae0f61ee5,17
71c9661741caf40a92a32d1cc8206c04,c74d97b01eae257e44aa9d5bade97baf,c559da2ba967eb820766939a658022c8,e06f5ed77191826c212c30722f2cc5a2,17
00b72c2f01a1512cbb1d3f33319bac93,c74d97b01eae257e44aa9d5bade97baf,1bc0249a6412ef49b07fe6f62e6dc8de,d407a3ebb4ab9b0d68b224486f8b8dad,17
9bc40cd2fe4f188f402bb41548c5e15c,c74d97b01eae257e44aa9d5bade97baf,1bc0249a6412ef49b07fe6f62e6dc8de,ca34f669ae367c87f0e75dcae0f61ee5,17
3a74a370c8eb032acb11ad9119242b8f,c74d97b01eae257e44aa9d5bade97baf,c559da2ba967eb820766939a658022c8,e06f5ed77191826c212c30722f2cc5a2,17
382fcb7b0b5750896a5bef348f19bddc,c74d97b01eae257e44aa9d5bade97baf,1bc0249a6412ef49b07fe6f62e6dc8de,83b5bd3157dca7df5e5e337a7f3143bc,17
cff633e270708ced01bc585eb1421667,c74d97b01eae257e44aa9d5bade97baf,c559da2ba967eb820766939a658022c8,e06f5ed77191826c212c30722f2cc5a2,17
1cfd4c9cd7289a63dc2492f2b0200868,c74d97b01eae257e44aa9d5bade97baf,1bc0249a6412ef49b07fe6f62e6dc8de,d407a3ebb4ab9b0d68b224486f8b8dad,17
c7e043e0f743476582f79ba27ba3c51f,c74d97b01eae257e44aa9d5bade97baf,1bc0249a6412ef49b07fe6f62e6dc8de,ca34f669ae367c87f0e75dcae0f61ee5,17
f9ee6d53edebe412feb1118b618900c8,c74d97b01eae257e44aa9d5bade97baf,1bc0249a6412ef49b07fe6f62e6dc8de,d407a3ebb4ab9b0d68b224486f8b8dad,17
e95b9bb287e5571345c0e94f3118d667,c74d97b01eae257e44aa9d5bade97baf,c559da2ba967eb820766939a658022c8,e06f5ed77191826c212c30722f2cc5a2,17
530b5dc58f1ad1eebf282a89c432c006,c74d97b01eae257e44aa9d5bade97baf,1bc0249a6412ef49b07fe6f62e6dc8de,d407a3ebb4ab9b0d68b224486f8b8dad,17
b1b40a982a979df37279ffced3bdfbcd,c74d97b01eae257e44aa9d5bade97baf,c559da2ba967eb820766939a658022c8,34d2777e78ccf007523e2dd1fcea6b2d,17
cf0c31c18f1ed7065e20442bc991df9e,c74d97b01eae257e44aa9d5bade97baf,1bc0249a6412ef49b07fe6f62e6dc8de,ca34f669ae367c87f0e75dcae0f61ee5,17
16ab7aae77adc64fd334205210c8164d,c74d97b01eae257e44aa9d5bade97baf,1bc0249a6412ef49b07fe6f62e6dc8de,d407a3ebb4ab9b0d68b224486f8b8dad,17
5b26f85ccb23039364226f66f0366c66,c74d97b01eae257e44aa9d5bade97baf,c559da2ba967eb820766939a658022c8,8ec316a6bd7240d74c0567a1d9b311e5,17
6b1344097385a42484abd4746371e416,c74d97b01eae257e44aa9d5bade97baf,c559da2ba967eb820766939a658022c8,130d817d8b3f616e97c555ec57946aec,17
5aa2f6e00873f8c90b00cd15d670daa1,c74d97b01eae257e44aa9d5bade97baf,c559da2ba967eb820766939a658022c8,34d2777e78ccf007523e2dd1fcea6b2d,17
6d63950eefb7398e367cb03a3539dd49,c74d97b01eae257e44aa9d5bade97baf,1bc0249a6412ef49b07fe6f62e6dc8de,ca34f669ae367c87f0e75dcae0f61ee5,17
6e5d274636cdf86dabee3f8658794d54,c74d97b01eae257e44aa9d5bade97baf,1bc0249a6412ef49b07fe6f62e6dc8de,d407a3ebb4ab9b0d68b224486f8b8dad,17
231af8dc5fd5b69a7cfc4b015ebfd72a,c74d97b01eae257e44aa9d5bade97baf,1bc0249a6412ef49b07fe6f62e6dc8de,d407a3ebb4ab9b0d68b224486f8b8dad,17
5f86639bbaacbed711e89635b602cc75,c74d97b01eae257e44aa9d5bade97baf,c559da2ba967eb820766939a658022c8,c82ad41dea071d88197835420ab24d04,17
cf91eca9321c9c272fb4e7cf4bcc6a43,c74d97b01eae257e44aa9d5bade97baf,c559da2ba967eb820766939a658022c8,130d817d8b3f616e97c555ec57946aec,17
22988026fe85fde60d8bf777ab6bc3b4,c74d97b01eae257e44aa9d5bade97baf,f3173935ed8ac4bf073c1bcd63171f8a,5fd72b9fc7118bd36a137d7cea8c588a,17
62d4af457ba2540ce0898a211c0cd17a,c74d97b01eae257e44aa9d5bade97baf,c559da2ba967eb820766939a658022c8,e06f5ed77191826c212c30722f2cc5a2,17
66a5198a8d1afbef4821b8cebf7f794d,c74d97b01eae257e44aa9d5bade97baf,1bc0249a6412ef49b07fe6f62e6dc8de,d407a3ebb4ab9b0d68b224486f8b8dad,17
695078b902484f8edb56d01c0b906c8c,c74d97b01eae257e44aa9d5bade97baf,1bc0249a6412ef49b07fe6f62e6dc8de,2a307e6985c82c6245bc0b3186cdf9bc,17
2dc922d957188fb51dd2bd50ec9b555a,c74d97b01eae257e44aa9d5bade97baf,1bc0249a6412ef49b07fe6f62e6dc8de,ca34f669ae367c87f0e75dcae0f61ee5,17
6788a2db1251995b966bd3ae44562bf5,c74d97b01eae257e44aa9d5bade97baf,f3173935ed8ac4bf073c1bcd63171f8a,5fd72b9fc7118bd36a137d7cea8c588a,17
3474f0e025c7deb7e127a35763bc5512,c74d97b01eae257e44aa9d5bade97baf,1bc0249a6412ef49b07fe6f62e6dc8de,ca34f669ae367c87f0e75dcae0f61ee5,17
58b0cd8f9647207480f2a86a4b9c860b,c74d97b01eae257e44aa9d5bade97baf,1bc0249a6412ef49b07fe6f62e6dc8de,6639ae8d530e71980239f7bff60e247c,17
025967a3c53711dc29a78cbecc908ecd,c74d97b01eae257e44aa9d5bade97baf,c559da2ba967eb820766939a658022c8,e06f5ed77191826c212c30722f2cc5a2,17
861f516882af16ff45234407eda09606,c74d97b01eae257e44aa9d5bade97baf,1bc0249a6412ef49b07fe6f62e6dc8de,83b5bd3157dca7df5e5e337a7f3143bc,17
0f152427918d29bb1081834c1d375a48,c74d97b01eae257e44aa9d5bade97baf,1bc0249a6412ef49b07fe6f62e6dc8de,ca34f669ae367c87f0e75dcae0f61ee5,17
e4d5fdbba51406e917f26f3522c513be,c74d97b01eae257e44aa9d5bade97baf,1bc0249a6412ef49b07fe6f62e6dc8de,ca34f669ae367c87f0e75dcae0f61ee5,17
c094d01a05c16145a507b8a2b840a4f0,c74d97b01eae257e44aa9d5bade97baf,1bc0249a6412ef49b07fe6f62e6dc8de,ca34f669ae367c87f0e75dcae0f61ee5,17
ae0ea26efd73c891f6fe4f8af687c88f,6512bd43d9caa6e02c990b0a82652dca,e58cc5ca94270acaceed13bc82dfedf7,c93c26cd49ea08e6b8984351d4164575,1
ebef63de0e8fe04e0d681a25face55c9,6512bd43d9caa6e02c990b0a82652dca,b59c67bf196a4758191e42f76670ceba,a09fe216278f103e70a7a179e173831c,1
e983f56659b43d6691446b013c0b9ef1,aab3238922bcc25a6f606eb525ffdc56,6d9c547cf146054a5a720606a7694467,8b51a5273e5c6883ba614922c5c9e867,1
c4a665596d4f67cecb7542c9fad407ee,c20ad4d76fe97759aa27a0c99bff6710,fb2fcd534b0ff3bbed73cc51df620323,45551f4c29881972ae5ed3666a5b1b8b,1
5db914ae933ab65d71987c0434ebf930,c74d97b01eae257e44aa9d5bade97baf,c559da2ba967eb820766939a658022c8,130d817d8b3f616e97c555ec57946aec,17
90702dbda20da8380fb559b1ea8c0140,c51ce410c124a10e0db5e4b97fc2af39,535ab76633d94208236a2e829ea6d888,5fe86eaa61bb6af68ee6c47fccf3e6a5,1
d6c2e7c74cad027b49b4369a0548ddfb,c20ad4d76fe97759aa27a0c99bff6710,fb2fcd534b0ff3bbed73cc51df620323,c005b9a2626f6c1946e1851628724b18,1
6bebdb943dc661b7af1e9469a8caeb3f,c74d97b01eae257e44aa9d5bade97baf,a368b0de8b91cfb3f91892fbf1ebd4b2,0d51481bbf77027ddb2c990cf97cd9dd,1
f1728a9a189d57bac75fc58ee722781a,6512bd43d9caa6e02c990b0a82652dca,c9f95a0a5af052bffce5c89917335f67,126ad03316db7675164e3f0c8be270e9,1
06076bf3c802444ebc7d5619ab64ceb6,c51ce410c124a10e0db5e4b97fc2af39,5caf41d62364d5b41a893adc1a9dd5d4,4e96157c3c8c24f4761a7bc4411a2504,1
17667b08596154dc5e9417f410cbced3,aab3238922bcc25a6f606eb525ffdc56,28fc2782ea7ef51c1104ccf7b9bea13d,7a8aebb07d6e8ba9da453ec0f3f359a4,1
3f33017a9ce4fbff701facaeae7a7549,c74d97b01eae257e44aa9d5bade97baf,1bc0249a6412ef49b07fe6f62e6dc8de,ca34f669ae367c87f0e75dcae0f61ee5,17
5fb6bfa7b7d9a415d5f95d3951e2a35d,6512bd43d9caa6e02c990b0a82652dca,e58cc5ca94270acaceed13bc82dfedf7,c93c26cd49ea08e6b8984351d4164575,1
71fe24c214f9fe26ad0f2b02f03e3878,c74d97b01eae257e44aa9d5bade97baf,1bc0249a6412ef49b07fe6f62e6dc8de,68f204f3838bfee4ada868b66e6a0814,1
f26a7266746690b16a77b3073651d75d,aab3238922bcc25a6f606eb525ffdc56,28fc2782ea7ef51c1104ccf7b9bea13d,7a8aebb07d6e8ba9da453ec0f3f359a4,1
517b5edeb76505d48bb945abce481959,aab3238922bcc25a6f606eb525ffdc56,186a157b2992e7daed3677ce8e9fe40f,aa36dc1d45661519a5bf923429776a83,1
cbbda0778454f639ae7182a4ec209142,c20ad4d76fe97759aa27a0c99bff6710,fb2fcd534b0ff3bbed73cc51df620323,8654269aab578fbbd83a0e5ef04532b4,1
8eb71e36921c0fee5b3ba541bd2fe80e,c74d97b01eae257e44aa9d5bade97baf,f3173935ed8ac4bf073c1bcd63171f8a,5fd72b9fc7118bd36a137d7cea8c588a,17
877996cf018bb84247377fc00ac9ec5d,c74d97b01eae257e44aa9d5bade97baf,f3173935ed8ac4bf073c1bcd63171f8a,4bc94de7bab27a1c3a9cd3ba68199f55,1
bf7667b035093212fd58f5fdd0975069,c74d97b01eae257e44aa9d5bade97baf,1bc0249a6412ef49b07fe6f62e6dc8de,68f204f3838bfee4ada868b66e6a0814,17
0a68dd43c227b0e66d52665d6c3ca8ba,6512bd43d9caa6e02c990b0a82652dca,e58cc5ca94270acaceed13bc82dfedf7,c93c26cd49ea08e6b8984351d4164575,1
5d560ea997068115892d2f0bd7cf91c3,aab3238922bcc25a6f606eb525ffdc56,28fc2782ea7ef51c1104ccf7b9bea13d,a13b7a6b8e80d44d044c257a08ecccca,1
c8416ecfc35c34b3c700d2512cac548f,c20ad4d76fe97759aa27a0c99bff6710,fb2fcd534b0ff3bbed73cc51df620323,45551f4c29881972ae5ed3666a5b1b8b,1
984866d32efb12f24c9ec497f3fad041,c74d97b01eae257e44aa9d5bade97baf,c559da2ba967eb820766939a658022c8,329ccb6e98ddf18590822febd4ccb380,17
d5bfeecaaa47887a4b92d17fa55c2e18,c74d97b01eae257e44aa9d5bade97baf,c559da2ba967eb820766939a658022c8,1e2248e0a1305fdf1dca5510e06a2b96,17
777d21d980f82aa8b4f26f4a4d3dda1d,6512bd43d9caa6e02c990b0a82652dca,c9f95a0a5af052bffce5c89917335f67,507c9dcd6538b05090d22c4b73c535a7,1
c7b711619071c92bef604c7ad68380dd,aab3238922bcc25a6f606eb525ffdc56,28fc2782ea7ef51c1104ccf7b9bea13d,d29b5ce9c2883f0b7e90f79071a2ca82,1
e5438bd5e7a11caaf7c625d9d5ab7b50,aab3238922bcc25a6f606eb525ffdc56,9701a1c165dd9420816bfec5edd6c2b1,c01c475ac8d447730ece97d846cc4f25,1
d422a9e072907827d1571933f897d9d2,c74d97b01eae257e44aa9d5bade97baf,f3173935ed8ac4bf073c1bcd63171f8a,5fd72b9fc7118bd36a137d7cea8c588a,1
11f207f64d952f43c2f028da2c786d3b,6512bd43d9caa6e02c990b0a82652dca,20d135f0f28185b84a4cf7aa51f29500,9c95fafecc492115959c5a2dc0143020,1
7d945116ed12c2807d081df6f666ba37,c74d97b01eae257e44aa9d5bade97baf,a368b0de8b91cfb3f91892fbf1ebd4b2,8feef08314d477a5b68ba18a6d35819d,1
0f6ef309087f70a6f933eb0ec50745b4,6512bd43d9caa6e02c990b0a82652dca,e58cc5ca94270acaceed13bc82dfedf7,c0a667df8f0d6ee98dda972b0870fabf,1
4678e046e53270a420f8e4df6797ca24,c74d97b01eae257e44aa9d5bade97baf,c559da2ba967eb820766939a658022c8,130d817d8b3f616e97c555ec57946aec,17
de82161b6586ed690a1dfbd9d6e34139,c74d97b01eae257e44aa9d5bade97baf,c559da2ba967eb820766939a658022c8,8ec316a6bd7240d74c0567a1d9b311e5,17
3e25a622c0fd509e34d7c58371a455c6,c74d97b01eae257e44aa9d5bade97baf,c559da2ba967eb820766939a658022c8,329ccb6e98ddf18590822febd4ccb380,17
0cc8850f66397af21700e3c060a5210c,c74d97b01eae257e44aa9d5bade97baf,c559da2ba967eb820766939a658022c8,1e2248e0a1305fdf1dca5510e06a2b96,17
9a3e6ab0f0e9396f7af956fe6e45b407,c74d97b01eae257e44aa9d5bade97baf,1bc0249a6412ef49b07fe6f62e6dc8de,d407a3ebb4ab9b0d68b224486f8b8dad,17
dbf97912b04710c92b49334e8d91fabb,aab3238922bcc25a6f606eb525ffdc56,9701a1c165dd9420816bfec5edd6c2b1,3055a089cffae7c29c8942e5eb534a2a,1
094df0e0b795f85bfb3939256a2def20,aab3238922bcc25a6f606eb525ffdc56,9701a1c165dd9420816bfec5edd6c2b1,8afe22eeb3f3f68de994a3c60388858c,1
8cc3c766285e320aef48183a4bbe22d1,c74d97b01eae257e44aa9d5bade97baf,1bc0249a6412ef49b07fe6f62e6dc8de,2a307e6985c82c6245bc0b3186cdf9bc,17
b82c5b29d10371eb721345a53d5d4369,6512bd43d9caa6e02c990b0a82652dca,e58cc5ca94270acaceed13bc82dfedf7,c93c26cd49ea08e6b8984351d4164575,1
dce1f234d6424aa61f8e7ce0baffd9af,aab3238922bcc25a6f606eb525ffdc56,9701a1c165dd9420816bfec5edd6c2b1,c01c475ac8d447730ece97d846cc4f25,1
2002ebfa9e4ef4ddbaef4844a1d668b0,aab3238922bcc25a6f606eb525ffdc56,9701a1c165dd9420816bfec5edd6c2b1,8afe22eeb3f3f68de994a3c60388858c,1
1cac981fb61dc0e4a41e6a8508552803,aab3238922bcc25a6f606eb525ffdc56,9701a1c165dd9420816bfec5edd6c2b1,b81668e0b714d070d01699118c6d6f8c,1
9c231867e537759d3ef811c0bd9c705c,6512bd43d9caa6e02c990b0a82652dca,e58cc5ca94270acaceed13bc82dfedf7,c93c26cd49ea08e6b8984351d4164575,1
1566bfacbcf0c0a3e7c92e73c708d341,c74d97b01eae257e44aa9d5bade97baf,1bc0249a6412ef49b07fe6f62e6dc8de,2a307e6985c82c6245bc0b3186cdf9bc,17
a7a9eb3ffb9634e37c50995c34da34d0,c74d97b01eae257e44aa9d5bade97baf,1bc0249a6412ef49b07fe6f62e6dc8de,2a307e6985c82c6245bc0b3186cdf9bc,17
26864bfba07bfdc89934ec5ca9367ab9,6512bd43d9caa6e02c990b0a82652dca,b59c67bf196a4758191e42f76670ceba,11fb95ff05cc28bb107e4a920c60b6cf,1
9c847be3a6f8d55322f38ebdb347d6f4,6512bd43d9caa6e02c990b0a82652dca,e58cc5ca94270acaceed13bc82dfedf7,120e4b609af49ff7b17c3b90e7a28435,1
b0bae916aa9ae17dfb7ad7ec469345fd,c74d97b01eae257e44aa9d5bade97baf,c559da2ba967eb820766939a658022c8,8ec316a6bd7240d74c0567a1d9b311e5,17
5781a2637b476d781eb3134581b32044,6512bd43d9caa6e02c990b0a82652dca,e58cc5ca94270acaceed13bc82dfedf7,aa50d6506c1e1b3f030c0b19962eb625,1
a49e0d8f5d9b6fa172d69f5b3e652cc3,6512bd43d9caa6e02c990b0a82652dca,c9f95a0a5af052bffce5c89917335f67,126ad03316db7675164e3f0c8be270e9,1
0d92995c335a265f30a5d86cadc8c43c,6512bd43d9caa6e02c990b0a82652dca,b59c67bf196a4758191e42f76670ceba,a09fe216278f103e70a7a179e173831c,1
bf5f373eede102c71bf77874c78bdc59,aab3238922bcc25a6f606eb525ffdc56,9701a1c165dd9420816bfec5edd6c2b1,8afe22eeb3f3f68de994a3c60388858c,1
4f8b4c73b1712622d6f05c02cda05d49,6512bd43d9caa6e02c990b0a82652dca,b59c67bf196a4758191e42f76670ceba,a09fe216278f103e70a7a179e173831c,1
dc57ae67a89ed3b85f394f5ca5b9ba1d,aab3238922bcc25a6f606eb525ffdc56,6d9c547cf146054a5a720606a7694467,5f7f7dff8234dca9eb385396782c42e7,1
9029365b9b6fc2800431fa6f2be03569,c74d97b01eae257e44aa9d5bade97baf,c559da2ba967eb820766939a658022c8,c82ad41dea071d88197835420ab24d04,17
7d554270ae2c8298289d5cf633cad1ae,6512bd43d9caa6e02c990b0a82652dca,c9f95a0a5af052bffce5c89917335f67,126ad03316db7675164e3f0c8be270e9,1
d35a34476be067a04fa756c8c0b7dfbd,aab3238922bcc25a6f606eb525ffdc56,3de2334a314a7a72721f1f74a6cb4cee,0f3abfd67959c079e7b3759440e7415c,17
d7012f5714b8a6a970f5bd34806267c6,6512bd43d9caa6e02c990b0a82652dca,c9f95a0a5af052bffce5c89917335f67,ae67c7640ebb8ead39d9f7a7594ca8f9,1
9e592a23ed09b72bd6ac10a51fcb1194,c74d97b01eae257e44aa9d5bade97baf,c559da2ba967eb820766939a658022c8,6e84696301885ba0a9dc8de6fe45abd0,17
7f33b30d0e1fe6fcc2a84ed8e1bac73a,c74d97b01eae257e44aa9d5bade97baf,a368b0de8b91cfb3f91892fbf1ebd4b2,e2133a6d8af3a5c6f2dd40cbbaa3640f,1
b7ef3f85be23f591802b735971941c77,c74d97b01eae257e44aa9d5bade97baf,a368b0de8b91cfb3f91892fbf1ebd4b2,0d51481bbf77027ddb2c990cf97cd9dd,1
b43e19936412e99b8efd1f9061d3f3c7,c74d97b01eae257e44aa9d5bade97baf,a368b0de8b91cfb3f91892fbf1ebd4b2,ae7d95fcc5f3d0872c732e81f1e380e4,1
f152516615efd05cf4b4903b03d4a45d,aab3238922bcc25a6f606eb525ffdc56,28fc2782ea7ef51c1104ccf7b9bea13d,b9d194b4fcd411b02eea6fe9f66bf427,1
6fe34513bd68faaa3c320af98460dacb,c74d97b01eae257e44aa9d5bade97baf,a368b0de8b91cfb3f91892fbf1ebd4b2,0d51481bbf77027ddb2c990cf97cd9dd,1
6d8bf88f6daf3b37de081afcf75ec6cf,c74d97b01eae257e44aa9d5bade97baf,c559da2ba967eb820766939a658022c8,e06f5ed77191826c212c30722f2cc5a2,17
d8d7dd92187624a7afc4714bae876802,c20ad4d76fe97759aa27a0c99bff6710,fb2fcd534b0ff3bbed73cc51df620323,ee7d94b81244a5f3b392d4113bacf408,1
1d2448c22721c94bb0264cf52598522f,c74d97b01eae257e44aa9d5bade97baf,1bc0249a6412ef49b07fe6f62e6dc8de,1507fc0175c1ff0cf4440105bc6f93e6,17
d2d8c0f1e97017883799eeb270accbf4,aab3238922bcc25a6f606eb525ffdc56,9701a1c165dd9420816bfec5edd6c2b1,8afe22eeb3f3f68de994a3c60388858c,1
d22bb534b7964c0cafab6aab1995f000,c74d97b01eae257e44aa9d5bade97baf,faafda66202d234463057972460c04f5,58c9ac72725ab1211b35821c610dcd6b,1
8b6d47ed609b1f6651a79cb6210b63f8,c74d97b01eae257e44aa9d5bade97baf,c559da2ba967eb820766939a658022c8,1e2248e0a1305fdf1dca5510e06a2b96,1
9ab1e3d2a4dacee68318f2afee27eda7,aab3238922bcc25a6f606eb525ffdc56,186a157b2992e7daed3677ce8e9fe40f,aa36dc1d45661519a5bf923429776a83,1
58ebafabd92e2e3a80d86b7bb7e88eda,aab3238922bcc25a6f606eb525ffdc56,28fc2782ea7ef51c1104ccf7b9bea13d,7a8aebb07d6e8ba9da453ec0f3f359a4,1
27e8978c9e8b7146c462feb7d24f5637,c74d97b01eae257e44aa9d5bade97baf,1bc0249a6412ef49b07fe6f62e6dc8de,ca34f669ae367c87f0e75dcae0f61ee5,17
1b554caad50131478083eb6e4f7845d6,c20ad4d76fe97759aa27a0c99bff6710,fb2fcd534b0ff3bbed73cc51df620323,8654269aab578fbbd83a0e5ef04532b4,1
282984b385d80166ba0d4f32a7843f53,c74d97b01eae257e44aa9d5bade97baf,f3173935ed8ac4bf073c1bcd63171f8a,4bc94de7bab27a1c3a9cd3ba68199f55,1
699dc7822b719137e8124b728ab45fa3,c74d97b01eae257e44aa9d5bade97baf,f3173935ed8ac4bf073c1bcd63171f8a,4bc94de7bab27a1c3a9cd3ba68199f55,1
b749c085963d0f869dce2755f8ba602a,6512bd43d9caa6e02c990b0a82652dca,e58cc5ca94270acaceed13bc82dfedf7,c93c26cd49ea08e6b8984351d4164575,1
c0e3f3bd815a862433bc3399c487926b,aab3238922bcc25a6f606eb525ffdc56,186a157b2992e7daed3677ce8e9fe40f,aa36dc1d45661519a5bf923429776a83,1
edaab5209d66e9634a79a8f23fb55bab,aab3238922bcc25a6f606eb525ffdc56,9701a1c165dd9420816bfec5edd6c2b1,3055a089cffae7c29c8942e5eb534a2a,1
7ac0830655ccc55d28d0293706b72e8f,c20ad4d76fe97759aa27a0c99bff6710,fb2fcd534b0ff3bbed73cc51df620323,45551f4c29881972ae5ed3666a5b1b8b,1
9d4d76311ae2c0cbc4b1eb53c447bed7,c74d97b01eae257e44aa9d5bade97baf,c559da2ba967eb820766939a658022c8,e06f5ed77191826c212c30722f2cc5a2,17
9fafa622a1f0dbc2bee82d3ac129ea6f,c74d97b01eae257e44aa9d5bade97baf,1bc0249a6412ef49b07fe6f62e6dc8de,6639ae8d530e71980239f7bff60e247c,17
9d678e20f4a45c137a0492034506d432,aab3238922bcc25a6f606eb525ffdc56,9701a1c165dd9420816bfec5edd6c2b1,3d15a2a1c540356f9716dc265dd92382,1
3e5ed1845a499f1b16f1bc68d13e97fe,6512bd43d9caa6e02c990b0a82652dca,b59c67bf196a4758191e42f76670ceba,11fb95ff05cc28bb107e4a920c60b6cf,1
e04f91454e2a3ad723086357d8e9aa33,aab3238922bcc25a6f606eb525ffdc56,b7087c1f4f89e63af8d46f3b20271153,aa7420bcdec6c0ce8dc01394aaa498f2,17
5b146d93f822459260216df28e572eca,aab3238922bcc25a6f606eb525ffdc56,28fc2782ea7ef51c1104ccf7b9bea13d,6bae9a61fa499b24f28c3ddcef6ccb1b,1
7454973f4428e8a3426bb3c01e007104,c74d97b01eae257e44aa9d5bade97baf,1bc0249a6412ef49b07fe6f62e6dc8de,ca34f669ae367c87f0e75dcae0f61ee5,17
f3d622c789288a27702b18fcef6b3430,aab3238922bcc25a6f606eb525ffdc56,9701a1c165dd9420816bfec5edd6c2b1,8afe22eeb3f3f68de994a3c60388858c,1
9fa87786d9a881173e75bb0327383ff1,aab3238922bcc25a6f606eb525ffdc56,28fc2782ea7ef51c1104ccf7b9bea13d,a7c3020b4cfb4fd154c4fcfd62702df2,1
3affcbb957032e3cd1c0c3f8526e5de8,aab3238922bcc25a6f606eb525ffdc56,186a157b2992e7daed3677ce8e9fe40f,aa36dc1d45661519a5bf923429776a83,1
b7e2077a3d7fa0d30e0eb5ec7fa349e8,aab3238922bcc25a6f606eb525ffdc56,28fc2782ea7ef51c1104ccf7b9bea13d,7a8aebb07d6e8ba9da453ec0f3f359a4,1
5e513d8830b4e93051b81843e48098c5,aab3238922bcc25a6f606eb525ffdc56,9701a1c165dd9420816bfec5edd6c2b1,6d795bb9e527e367063c0044c4fc16a6,1
c28bb2b2d7514e69ff69fb87f50eb3b4,c51ce410c124a10e0db5e4b97fc2af39,535ab76633d94208236a2e829ea6d888,5fe86eaa61bb6af68ee6c47fccf3e6a5,1
b75c7cbf7accdaea8a1a14781bb29870,aab3238922bcc25a6f606eb525ffdc56,28fc2782ea7ef51c1104ccf7b9bea13d,d29b5ce9c2883f0b7e90f79071a2ca82,1
178946dc0cfb8cbcb7b4e672930affd5,6512bd43d9caa6e02c990b0a82652dca,c9f95a0a5af052bffce5c89917335f67,126ad03316db7675164e3f0c8be270e9,1
766dca1027b908c589daada91bf931d1,aab3238922bcc25a6f606eb525ffdc56,9701a1c165dd9420816bfec5edd6c2b1,6d795bb9e527e367063c0044c4fc16a6,1
607303f8278353d6d8a8d6818b582488,c74d97b01eae257e44aa9d5bade97baf,a368b0de8b91cfb3f91892fbf1ebd4b2,8feef08314d477a5b68ba18a6d35819d,1
63b837c9a3fd362191761401ed418679,6512bd43d9caa6e02c990b0a82652dca,e58cc5ca94270acaceed13bc82dfedf7,c93c26cd49ea08e6b8984351d4164575,1
639a51b38828b98d1f41256fb07bbc39,6512bd43d9caa6e02c990b0a82652dca,e58cc5ca94270acaceed13bc82dfedf7,c93c26cd49ea08e6b8984351d4164575,1
4c8f26ea6f6790779345b500b2f70e9b,c20ad4d76fe97759aa27a0c99bff6710,fb2fcd534b0ff3bbed73cc51df620323,45551f4c29881972ae5ed3666a5b1b8b,1
db54d9d5b110c3a457bf89559b6f89a6,c74d97b01eae257e44aa9d5bade97baf,c559da2ba967eb820766939a658022c8,34d2777e78ccf007523e2dd1fcea6b2d,17
d49f693a4154b7178562bfeebd05e30f,c74d97b01eae257e44aa9d5bade97baf,a368b0de8b91cfb3f91892fbf1ebd4b2,8feef08314d477a5b68ba18a6d35819d,1
4e824a65fbd01f1708131bd247842688,c51ce410c124a10e0db5e4b97fc2af39,5caf41d62364d5b41a893adc1a9dd5d4,f633b7df336a0a7f8251e1eec56ae973,1
70080bba1f176e070456abff52203013,c74d97b01eae257e44aa9d5bade97baf,1bc0249a6412ef49b07fe6f62e6dc8de,d407a3ebb4ab9b0d68b224486f8b8dad,17
8907813626e3a8936c6850398c4cf715,aab3238922bcc25a6f606eb525ffdc56,28fc2782ea7ef51c1104ccf7b9bea13d,d29b5ce9c2883f0b7e90f79071a2ca82,1
3b9ff9697e5688d38d5a0e7b0f0d519e,c74d97b01eae257e44aa9d5bade97baf,a368b0de8b91cfb3f91892fbf1ebd4b2,e2133a6d8af3a5c6f2dd40cbbaa3640f,1
ed7123f97afbdba2c4da885d87fe9577,c74d97b01eae257e44aa9d5bade97baf,1bc0249a6412ef49b07fe6f62e6dc8de,6639ae8d530e71980239f7bff60e247c,17
364196813f3b746270a9b27bd76149c9,aab3238922bcc25a6f606eb525ffdc56,28fc2782ea7ef51c1104ccf7b9bea13d,7a8aebb07d6e8ba9da453ec0f3f359a4,1
566f6537c25d40d0b6adec07323e65e8,c74d97b01eae257e44aa9d5bade97baf,c559da2ba967eb820766939a658022c8,89b0107c6d0aca5f15fa7a715f9e06e5,17
0f127ddd135b33f91edfab345fc77fbf,aab3238922bcc25a6f606eb525ffdc56,9701a1c165dd9420816bfec5edd6c2b1,6d795bb9e527e367063c0044c4fc16a6,1
eb01393af653df8a7e4c2834eb58412a,c51ce410c124a10e0db5e4b97fc2af39,fd5c905bcd8c3348ad1b35d7231ee2b1,9b1360b8f713ab02b1559951690c6c70,1
421b0ea70ab7fd681ae63a8f12695199,aab3238922bcc25a6f606eb525ffdc56,28fc2782ea7ef51c1104ccf7b9bea13d,d29b5ce9c2883f0b7e90f79071a2ca82,1
db01afba1fbd4cb3686884a7dfe125c9,aab3238922bcc25a6f606eb525ffdc56,9701a1c165dd9420816bfec5edd6c2b1,8afe22eeb3f3f68de994a3c60388858c,1
e4aa31185fae6b7f870b19e0033bba68,aab3238922bcc25a6f606eb525ffdc56,b7087c1f4f89e63af8d46f3b20271153,aa7420bcdec6c0ce8dc01394aaa498f2,17
45ad5f9e2c91e420d52302e33b1f357f,c20ad4d76fe97759aa27a0c99bff6710,fb2fcd534b0ff3bbed73cc51df620323,45551f4c29881972ae5ed3666a5b1b8b,1
c24c65259d90ed4a19ab37b6fd6fe716,6512bd43d9caa6e02c990b0a82652dca,b59c67bf196a4758191e42f76670ceba,a09fe216278f103e70a7a179e173831c,1
a4680e47cdf0ef37aeb19717a9d1968c,aab3238922bcc25a6f606eb525ffdc56,9701a1c165dd9420816bfec5edd6c2b1,c01c475ac8d447730ece97d846cc4f25,1
67dcedaa1090d67cef7afe3fb36945b0,aab3238922bcc25a6f606eb525ffdc56,28fc2782ea7ef51c1104ccf7b9bea13d,b3e70d072fc648f6934c288e44f5c35e,1
ced0c1a84924c982a6403870c54b99ca,c74d97b01eae257e44aa9d5bade97baf,c559da2ba967eb820766939a658022c8,e06f5ed77191826c212c30722f2cc5a2,17
611f825b294117975c8d5c112cfb44ad,c74d97b01eae257e44aa9d5bade97baf,f3173935ed8ac4bf073c1bcd63171f8a,4bc94de7bab27a1c3a9cd3ba68199f55,1
65b549322da3ee58ae90de15c61b62ae,c74d97b01eae257e44aa9d5bade97baf,1bc0249a6412ef49b07fe6f62e6dc8de,ca34f669ae367c87f0e75dcae0f61ee5,17
ed9fea5c1775ffdc57624195eddfc671,c74d97b01eae257e44aa9d5bade97baf,a368b0de8b91cfb3f91892fbf1ebd4b2,0d51481bbf77027ddb2c990cf97cd9dd,1
11ee3b1e66e8ac33731d4c81a4aeabb3,c51ce410c124a10e0db5e4b97fc2af39,fd5c905bcd8c3348ad1b35d7231ee2b1,3dde95bfddfc5c387eb9e7b7a77dfa63,1
f3848b78b70702300c576fcd56a9addd,aab3238922bcc25a6f606eb525ffdc56,28fc2782ea7ef51c1104ccf7b9bea13d,d92f47d30274c682527a90cf5b3a2b8b,1
4b083e10f6cd2f4360c5425d05be6386,6512bd43d9caa6e02c990b0a82652dca,e58cc5ca94270acaceed13bc82dfedf7,120e4b609af49ff7b17c3b90e7a28435,1
90252502ab29331e94fd3113f11c58e0,6512bd43d9caa6e02c990b0a82652dca,c9f95a0a5af052bffce5c89917335f67,507c9dcd6538b05090d22c4b73c535a7,1
4b347991609c79afe8bcb7e52d90790d,c51ce410c124a10e0db5e4b97fc2af39,5caf41d62364d5b41a893adc1a9dd5d4,4e96157c3c8c24f4761a7bc4411a2504,1
86834931b537407cac2c8912f771511c,c74d97b01eae257e44aa9d5bade97baf,f18a6d1cde4b205199de8729a6637b42,6362dcf296516cdbaf2823c8b122f1e3,17
4e2b6b1dddc1ece38fbbaddad13c8e11,c74d97b01eae257e44aa9d5bade97baf,c559da2ba967eb820766939a658022c8,c82ad41dea071d88197835420ab24d04,17
db2c098d411a0bca565c3946e805ed93,aab3238922bcc25a6f606eb525ffdc56,3de2334a314a7a72721f1f74a6cb4cee,0f3abfd67959c079e7b3759440e7415c,17
f4ecfca825c8c12b5013b899aef55eb4,aab3238922bcc25a6f606eb525ffdc56,9701a1c165dd9420816bfec5edd6c2b1,6d795bb9e527e367063c0044c4fc16a6,1
684fa3de91be141a2bc896fa5870aed7,6512bd43d9caa6e02c990b0a82652dca,b59c67bf196a4758191e42f76670ceba,11fb95ff05cc28bb107e4a920c60b6cf,1
cbaca3167c8aa7c3352f2e7be9300285,aab3238922bcc25a6f606eb525ffdc56,9701a1c165dd9420816bfec5edd6c2b1,6d795bb9e527e367063c0044c4fc16a6,1
712fef8529234126a89d84ddd12d7fad,aab3238922bcc25a6f606eb525ffdc56,186a157b2992e7daed3677ce8e9fe40f,aa36dc1d45661519a5bf923429776a83,1
ce429dec957b9d6f3658eaa343fc40f0,c74d97b01eae257e44aa9d5bade97baf,f3173935ed8ac4bf073c1bcd63171f8a,4bc94de7bab27a1c3a9cd3ba68199f55,17
d2de88fc7856a5f50c05e8d9b7a20838,c74d97b01eae257e44aa9d5bade97baf,c559da2ba967eb820766939a658022c8,1e2248e0a1305fdf1dca5510e06a2b96,1
eaf90ea9a5c3866af372589e011d4242,aab3238922bcc25a6f606eb525ffdc56,186a157b2992e7daed3677ce8e9fe40f,aa36dc1d45661519a5bf923429776a83,1
b5f95dc9fce7c3181497a01d26836700,c74d97b01eae257e44aa9d5bade97baf,f3173935ed8ac4bf073c1bcd63171f8a,bf7098fa7a7f267d4cd5a90f4b2cd8fa,1
c8bd18ea08d2f47cb0a7992f11ada9de,aab3238922bcc25a6f606eb525ffdc56,186a157b2992e7daed3677ce8e9fe40f,aa36dc1d45661519a5bf923429776a83,1
3775e29ab7a50a69c73aad30f19661e4,c74d97b01eae257e44aa9d5bade97baf,f3173935ed8ac4bf073c1bcd63171f8a,4bc94de7bab27a1c3a9cd3ba68199f55,1
cec450400539c79f06aff1649043f170,aab3238922bcc25a6f606eb525ffdc56,9701a1c165dd9420816bfec5edd6c2b1,567115097ac405a46a84ef641c2d7069,1
f165b731ecfaac92a2f7ba92d07ccdaa,aab3238922bcc25a6f606eb525ffdc56,9701a1c165dd9420816bfec5edd6c2b1,3d15a2a1c540356f9716dc265dd92382,1
c6550f646ebd1c73e64f5c227112c0da,aab3238922bcc25a6f606eb525ffdc56,28fc2782ea7ef51c1104ccf7b9bea13d,7a8aebb07d6e8ba9da453ec0f3f359a4,1
8c5c2ef314a18fc5fecbaf99db704564,c74d97b01eae257e44aa9d5bade97baf,c559da2ba967eb820766939a658022c8,89b0107c6d0aca5f15fa7a715f9e06e5,17
db45f0cd6166195d80838817d4371660,c20ad4d76fe97759aa27a0c99bff6710,fb2fcd534b0ff3bbed73cc51df620323,8654269aab578fbbd83a0e5ef04532b4,1
15f707049e64d54f6493f9b83e73190a,c74d97b01eae257e44aa9d5bade97baf,c559da2ba967eb820766939a658022c8,130d817d8b3f616e97c555ec57946aec,17
11e6eda3c45e0e17437074dad5842a08,c74d97b01eae257e44aa9d5bade97baf,a368b0de8b91cfb3f91892fbf1ebd4b2,0d51481bbf77027ddb2c990cf97cd9dd,1
8f8735ac8b4195951bb460f925a16520,c74d97b01eae257e44aa9d5bade97baf,c559da2ba967eb820766939a658022c8,e06f5ed77191826c212c30722f2cc5a2,17
79133af0afb33701bf07602f585760f6,c74d97b01eae257e44aa9d5bade97baf,1bc0249a6412ef49b07fe6f62e6dc8de,ca34f669ae367c87f0e75dcae0f61ee5,17
e3334f5df6c5bf053070749a5f70fbc5,c74d97b01eae257e44aa9d5bade97baf,c559da2ba967eb820766939a658022c8,130d817d8b3f616e97c555ec57946aec,17
3ab75955a9c0ce15f6ca004ff088e7f6,c74d97b01eae257e44aa9d5bade97baf,c559da2ba967eb820766939a658022c8,8ec316a6bd7240d74c0567a1d9b311e5,17
b948aa07167c9acb17487657e96870e5,aab3238922bcc25a6f606eb525ffdc56,28fc2782ea7ef51c1104ccf7b9bea13d,485095ca4d0494dc265ad8de07ec107b,1
50a87fe641d22f2f6563948e8d7bb1b2,c74d97b01eae257e44aa9d5bade97baf,1bc0249a6412ef49b07fe6f62e6dc8de,ca34f669ae367c87f0e75dcae0f61ee5,17
41b4a9b8eee848e2bb335d914128ddc4,aab3238922bcc25a6f606eb525ffdc56,9701a1c165dd9420816bfec5edd6c2b1,b81668e0b714d070d01699118c6d6f8c,1
7dd38bbf2b01bddc0a5bec20a4263c16,c74d97b01eae257e44aa9d5bade97baf,1bc0249a6412ef49b07fe6f62e6dc8de,d407a3ebb4ab9b0d68b224486f8b8dad,17
194adbcaa46104c43d41ad4f23c18407,c74d97b01eae257e44aa9d5bade97baf,1bc0249a6412ef49b07fe6f62e6dc8de,1507fc0175c1ff0cf4440105bc6f93e6,17
e4522fed8db6c62127eedea2fe1634bd,c74d97b01eae257e44aa9d5bade97baf,c559da2ba967eb820766939a658022c8,130d817d8b3f616e97c555ec57946aec,17
3c3a1cb0ae43df1a1f0abe1fbd8e158b,6512bd43d9caa6e02c990b0a82652dca,b59c67bf196a4758191e42f76670ceba,11fb95ff05cc28bb107e4a920c60b6cf,1
81fa6f7d44af9ab3fbc527644ae84a2e,aab3238922bcc25a6f606eb525ffdc56,b7087c1f4f89e63af8d46f3b20271153,aa7420bcdec6c0ce8dc01394aaa498f2,17
57eaf5659b0371dbef7bb6cee4a14e71,c74d97b01eae257e44aa9d5bade97baf,1bc0249a6412ef49b07fe6f62e6dc8de,d407a3ebb4ab9b0d68b224486f8b8dad,17
366c97caa1e66d39a0c21edb8fdc9caf,6512bd43d9caa6e02c990b0a82652dca,c9f95a0a5af052bffce5c89917335f67,507c9dcd6538b05090d22c4b73c535a7,1
6ef8d0eb99348b6be4cf97f499d5e6c0,c74d97b01eae257e44aa9d5bade97baf,f18a6d1cde4b205199de8729a6637b42,6362dcf296516cdbaf2823c8b122f1e3,17
a767ca8c832642ebf919de608e8cb61f,c74d97b01eae257e44aa9d5bade97baf,f3173935ed8ac4bf073c1bcd63171f8a,bf7098fa7a7f267d4cd5a90f4b2cd8fa,1
be1d43a949b9e0e755c1e36be9cf47d9,c20ad4d76fe97759aa27a0c99bff6710,fb2fcd534b0ff3bbed73cc51df620323,45551f4c29881972ae5ed3666a5b1b8b,1
c4ba4ae1a518779efc096ea258259c22,c74d97b01eae257e44aa9d5bade97baf,1bc0249a6412ef49b07fe6f62e6dc8de,d407a3ebb4ab9b0d68b224486f8b8dad,17
283ea714ba84bbb51b605755fe0af8ee,6512bd43d9caa6e02c990b0a82652dca,c9f95a0a5af052bffce5c89917335f67,126ad03316db7675164e3f0c8be270e9,1
fe50ae64d08d4f8245aaabc55d1baf79,aab3238922bcc25a6f606eb525ffdc56,28fc2782ea7ef51c1104ccf7b9bea13d,b3e70d072fc648f6934c288e44f5c35e,1
74c606bffdaf24b13b0f152228f45ea8,aab3238922bcc25a6f606eb525ffdc56,28fc2782ea7ef51c1104ccf7b9bea13d,a13b7a6b8e80d44d044c257a08ecccca,1
316b9659adb27ee609130d146ce3d088,aab3238922bcc25a6f606eb525ffdc56,9701a1c165dd9420816bfec5edd6c2b1,c01c475ac8d447730ece97d846cc4f25,1
a3f2130d312ab153ba470886115ea2ee,aab3238922bcc25a6f606eb525ffdc56,28fc2782ea7ef51c1104ccf7b9bea13d,7a8aebb07d6e8ba9da453ec0f3f359a4,1
b0c43793e79b65eae859453fb8b58f6b,c74d97b01eae257e44aa9d5bade97baf,7a6a74cbe87bc60030a4bd041dd47b78,ad70a449a504a145c44dbd5228b16c34,1
a8797f3d317e606d3abee06479492ffa,aab3238922bcc25a6f606eb525ffdc56,6d9c547cf146054a5a720606a7694467,8b51a5273e5c6883ba614922c5c9e867,1
1a0f36f6e92560bcae205b6c32cc033f,c74d97b01eae257e44aa9d5bade97baf,faafda66202d234463057972460c04f5,58c9ac72725ab1211b35821c610dcd6b,1
65ebd984baa08be2dcd09ff15c254fdb,c20ad4d76fe97759aa27a0c99bff6710,fb2fcd534b0ff3bbed73cc51df620323,ee7d94b81244a5f3b392d4113bacf408,1
525054066e1d6e94a6ad56078f4b212d,aab3238922bcc25a6f606eb525ffdc56,3de2334a314a7a72721f1f74a6cb4cee,0f3abfd67959c079e7b3759440e7415c,17
eb341a778d385ad6ebe16e90efb48c08,aab3238922bcc25a6f606eb525ffdc56,28fc2782ea7ef51c1104ccf7b9bea13d,b3e70d072fc648f6934c288e44f5c35e,1
bea5b83d3a056039813089e7aa7f7e9a,6512bd43d9caa6e02c990b0a82652dca,c9f95a0a5af052bffce5c89917335f67,507c9dcd6538b05090d22c4b73c535a7,1
4ba72d594b35e41cb3e066397eecdfba,c74d97b01eae257e44aa9d5bade97baf,f3173935ed8ac4bf073c1bcd63171f8a,5fd72b9fc7118bd36a137d7cea8c588a,1
d44d69c3343c3c95b65adba475d1bccf,c74d97b01eae257e44aa9d5bade97baf,f3173935ed8ac4bf073c1bcd63171f8a,bf7098fa7a7f267d4cd5a90f4b2cd8fa,1
2e463fcb1369be4d5dfbe87e04f60df2,aab3238922bcc25a6f606eb525ffdc56,28fc2782ea7ef51c1104ccf7b9bea13d,b9d194b4fcd411b02eea6fe9f66bf427,1
c68cce0f709db5a976ee5324bbdaec98,aab3238922bcc25a6f606eb525ffdc56,186a157b2992e7daed3677ce8e9fe40f,8d306de2ac1bbd5dd1957387ea03d821,1
3d3e83a9b78957e45c94dd862eb0bc43,c74d97b01eae257e44aa9d5bade97baf,c559da2ba967eb820766939a658022c8,8ec316a6bd7240d74c0567a1d9b311e5,17
67797f1f0f02ec5ccd5e3abd2d4e5b81,aab3238922bcc25a6f606eb525ffdc56,28fc2782ea7ef51c1104ccf7b9bea13d,b3e70d072fc648f6934c288e44f5c35e,1
d185c5ed37536ac0063f735f7a15dd24,6512bd43d9caa6e02c990b0a82652dca,e58cc5ca94270acaceed13bc82dfedf7,c93c26cd49ea08e6b8984351d4164575,1
45551f4c29881972ae5ed3666a5b1b8b,c74d97b01eae257e44aa9d5bade97baf,1bc0249a6412ef49b07fe6f62e6dc8de,1507fc0175c1ff0cf4440105bc6f93e6,1
1a083126803757739236831994920755,c20ad4d76fe97759aa27a0c99bff6710,fb2fcd534b0ff3bbed73cc51df620323,45551f4c29881972ae5ed3666a5b1b8b,1
5bb5f58ee78376e1d1806dd5cc25cfe1,c74d97b01eae257e44aa9d5bade97baf,1bc0249a6412ef49b07fe6f62e6dc8de,d407a3ebb4ab9b0d68b224486f8b8dad,17
4a15a652bde1a9a3ac9cb96160ff3a98,6512bd43d9caa6e02c990b0a82652dca,e58cc5ca94270acaceed13bc82dfedf7,c93c26cd49ea08e6b8984351d4164575,1
2ceba8db8d0af7ba57e1572e839451c9,c74d97b01eae257e44aa9d5bade97baf,f3173935ed8ac4bf073c1bcd63171f8a,5fd72b9fc7118bd36a137d7cea8c588a,1
ff1f1e5d2708809c03d03ff8b689030b,c74d97b01eae257e44aa9d5bade97baf,1bc0249a6412ef49b07fe6f62e6dc8de,1507fc0175c1ff0cf4440105bc6f93e6,17
8a1989b9fe49cb45e85c099107fbe1a6,c74d97b01eae257e44aa9d5bade97baf,f3173935ed8ac4bf073c1bcd63171f8a,bf7098fa7a7f267d4cd5a90f4b2cd8fa,1
4242d41d714121a04ed4a344851eb5c4,6512bd43d9caa6e02c990b0a82652dca,e58cc5ca94270acaceed13bc82dfedf7,aa50d6506c1e1b3f030c0b19962eb625,1
debe9dfcc3e4dbea1c509ffab6bf9f0b,6512bd43d9caa6e02c990b0a82652dca,b59c67bf196a4758191e42f76670ceba,11fb95ff05cc28bb107e4a920c60b6cf,1
3ea981e7588500b228f84a69007ddd07,6512bd43d9caa6e02c990b0a82652dca,20d135f0f28185b84a4cf7aa51f29500,9c95fafecc492115959c5a2dc0143020,1
173af0430bc192b8a027af7cdba82cd7,c74d97b01eae257e44aa9d5bade97baf,c559da2ba967eb820766939a658022c8,e06f5ed77191826c212c30722f2cc5a2,17
6acd770d2042d736881ec41af8740cc2,c74d97b01eae257e44aa9d5bade97baf,c559da2ba967eb820766939a658022c8,89b0107c6d0aca5f15fa7a715f9e06e5,17
1bc43be0cb246eabc8434dd290be1a8d,c51ce410c124a10e0db5e4b97fc2af39,fd5c905bcd8c3348ad1b35d7231ee2b1,3dde95bfddfc5c387eb9e7b7a77dfa63,1
0ee7e71061cf860ccf3b29c6823c7971,c51ce410c124a10e0db5e4b97fc2af39,2df45244f09369e16ea3f9117ca45157,c8e00869dc0be7bc8f9e699633edc8cc,1
0e97d6e7124d6cc9623650201236cd52,c74d97b01eae257e44aa9d5bade97baf,c559da2ba967eb820766939a658022c8,34d2777e78ccf007523e2dd1fcea6b2d,17
eae84b730dd8eb884077f713b0264850,c74d97b01eae257e44aa9d5bade97baf,1bc0249a6412ef49b07fe6f62e6dc8de,68f204f3838bfee4ada868b66e6a0814,1
b52d0d7b2ea2b2e89d4a2a2712e30c39,aab3238922bcc25a6f606eb525ffdc56,6d9c547cf146054a5a720606a7694467,8b51a5273e5c6883ba614922c5c9e867,1
d5285a5b153c43fa0028b6fb6965a3f0,aab3238922bcc25a6f606eb525ffdc56,9701a1c165dd9420816bfec5edd6c2b1,c01c475ac8d447730ece97d846cc4f25,1
b2abed343c4faf5d13c585bbf2429538,6512bd43d9caa6e02c990b0a82652dca,20d135f0f28185b84a4cf7aa51f29500,9c95fafecc492115959c5a2dc0143020,1
79122a5063b8a1261b8b1f03509ef957,c74d97b01eae257e44aa9d5bade97baf,c559da2ba967eb820766939a658022c8,89b0107c6d0aca5f15fa7a715f9e06e5,1
033013f94a18c066e8b3d610bed34bee,c74d97b01eae257e44aa9d5bade97baf,c559da2ba967eb820766939a658022c8,e06f5ed77191826c212c30722f2cc5a2,17
0cf7b480289c0c4b07b6d3bd72fef0c9,c20ad4d76fe97759aa27a0c99bff6710,fb2fcd534b0ff3bbed73cc51df620323,45551f4c29881972ae5ed3666a5b1b8b,1
cc2c9ccae08409e999fd6490104798ef,c20ad4d76fe97759aa27a0c99bff6710,fb2fcd534b0ff3bbed73cc51df620323,8654269aab578fbbd83a0e5ef04532b4,1
5a0896291d246465ff739135888c3a1b,c74d97b01eae257e44aa9d5bade97baf,1bc0249a6412ef49b07fe6f62e6dc8de,68f204f3838bfee4ada868b66e6a0814,1
6811c89c74a156baa50dcefedb2cc963,c74d97b01eae257e44aa9d5bade97baf,c559da2ba967eb820766939a658022c8,130d817d8b3f616e97c555ec57946aec,1
c589e31f27f0ec50b30f1f31443ad0f1,aab3238922bcc25a6f606eb525ffdc56,9701a1c165dd9420816bfec5edd6c2b1,567115097ac405a46a84ef641c2d7069,1
5c2c53a02b645e1c20052c8946d19fc4,c74d97b01eae257e44aa9d5bade97baf,c559da2ba967eb820766939a658022c8,89b0107c6d0aca5f15fa7a715f9e06e5,1
8e887cf8e64ab8e7173701a979476567,aab3238922bcc25a6f606eb525ffdc56,28fc2782ea7ef51c1104ccf7b9bea13d,a13b7a6b8e80d44d044c257a08ecccca,1
b6871caaf03565202e4c3bafef2af7c6,c74d97b01eae257e44aa9d5bade97baf,f3173935ed8ac4bf073c1bcd63171f8a,4bc94de7bab27a1c3a9cd3ba68199f55,1
a2d987a07c249886cfeafdf7674a13ca,aab3238922bcc25a6f606eb525ffdc56,9701a1c165dd9420816bfec5edd6c2b1,6d795bb9e527e367063c0044c4fc16a6,1
6ce20ee0cd25f2265f9c839747f3f60a,c74d97b01eae257e44aa9d5bade97baf,c559da2ba967eb820766939a658022c8,8ec316a6bd7240d74c0567a1d9b311e5,17
6e822618c30449cfabec9b22a7de1425,aab3238922bcc25a6f606eb525ffdc56,9701a1c165dd9420816bfec5edd6c2b1,8afe22eeb3f3f68de994a3c60388858c,1
657143495af47587150470a911c87888,c74d97b01eae257e44aa9d5bade97baf,1bc0249a6412ef49b07fe6f62e6dc8de,6639ae8d530e71980239f7bff60e247c,17
ec9ed18ae2a13fef709964af24bb60e6,c51ce410c124a10e0db5e4b97fc2af39,fd5c905bcd8c3348ad1b35d7231ee2b1,9b1360b8f713ab02b1559951690c6c70,1
1b1f4205ab5d9b437c143fc6d7e18c80,c20ad4d76fe97759aa27a0c99bff6710,fb2fcd534b0ff3bbed73cc51df620323,8654269aab578fbbd83a0e5ef04532b4,1
e9e9c55a9acf6e9421db2863f2e4da2f,aab3238922bcc25a6f606eb525ffdc56,3de2334a314a7a72721f1f74a6cb4cee,0f3abfd67959c079e7b3759440e7415c,17
74a5d20962421bf66e6a7ce6d884fbf5,6512bd43d9caa6e02c990b0a82652dca,e58cc5ca94270acaceed13bc82dfedf7,c93c26cd49ea08e6b8984351d4164575,1
225de5ef23fbfa96f02a8e1e8626ab66,6512bd43d9caa6e02c990b0a82652dca,b59c67bf196a4758191e42f76670ceba,a09fe216278f103e70a7a179e173831c,1
fdb89dfd1a27256904eb5a5734252102,aab3238922bcc25a6f606eb525ffdc56,9701a1c165dd9420816bfec5edd6c2b1,567115097ac405a46a84ef641c2d7069,1
43e644381fb92b59722bb7928da931ad,c74d97b01eae257e44aa9d5bade97baf,c559da2ba967eb820766939a658022c8,89b0107c6d0aca5f15fa7a715f9e06e5,17
f28e2941cd8ffdf35d778c3578cf7041,aab3238922bcc25a6f606eb525ffdc56,9701a1c165dd9420816bfec5edd6c2b1,3055a089cffae7c29c8942e5eb534a2a,1
c97c8aa3371b07d86d8bd2b7384baf5d,aab3238922bcc25a6f606eb525ffdc56,3de2334a314a7a72721f1f74a6cb4cee,4daccf099b9a4b8bda16fbfaa9c8fcbe,17
a6ac4c5198cb9b52b994a7385b7e6340,aab3238922bcc25a6f606eb525ffdc56,28fc2782ea7ef51c1104ccf7b9bea13d,0b1f906e53138ed5e50f7d4d9baed7d5,1
ab7ea17fa5084296d422820744b1e2cd,aab3238922bcc25a6f606eb525ffdc56,28fc2782ea7ef51c1104ccf7b9bea13d,485095ca4d0494dc265ad8de07ec107b,1
a9e6d9a4ffe9ece67328c36bf09741bc,6512bd43d9caa6e02c990b0a82652dca,e58cc5ca94270acaceed13bc82dfedf7,c0a667df8f0d6ee98dda972b0870fabf,1
064e3a5648fb4a7f911155bd81f87fd2,aab3238922bcc25a6f606eb525ffdc56,28fc2782ea7ef51c1104ccf7b9bea13d,a13b7a6b8e80d44d044c257a08ecccca,1
42ae1544956fbe6e09242e6cd752444c,c20ad4d76fe97759aa27a0c99bff6710,fb2fcd534b0ff3bbed73cc51df620323,8654269aab578fbbd83a0e5ef04532b4,1
1edb148e94ceddc5abaa91ad4814a737,c74d97b01eae257e44aa9d5bade97baf,c559da2ba967eb820766939a658022c8,89b0107c6d0aca5f15fa7a715f9e06e5,17
029905c5542302a69b170c91e96f5a14,c74d97b01eae257e44aa9d5bade97baf,1bc0249a6412ef49b07fe6f62e6dc8de,68f204f3838bfee4ada868b66e6a0814,1
00661699f543753ec7e911a64b9fd2f6,aab3238922bcc25a6f606eb525ffdc56,9701a1c165dd9420816bfec5edd6c2b1,8afe22eeb3f3f68de994a3c60388858c,1
5a106bc85bf017f97a9afcda66b93f01,aab3238922bcc25a6f606eb525ffdc56,9701a1c165dd9420816bfec5edd6c2b1,c01c475ac8d447730ece97d846cc4f25,1
b5bd9ec2c8ff3cb0c9f606c1a59ec4b9,c51ce410c124a10e0db5e4b97fc2af39,2df45244f09369e16ea3f9117ca45157,c8e00869dc0be7bc8f9e699633edc8cc,1
4115bc05a3e5460e3bba7777fde0f807,c74d97b01eae257e44aa9d5bade97baf,f3173935ed8ac4bf073c1bcd63171f8a,4bc94de7bab27a1c3a9cd3ba68199f55,1
dfae769c739093f5225cecaf4d5a612f,6512bd43d9caa6e02c990b0a82652dca,20d135f0f28185b84a4cf7aa51f29500,9c95fafecc492115959c5a2dc0143020,1
9cf5204b6b8b2cb9ad3e4cea7e165dc9,c74d97b01eae257e44aa9d5bade97baf,a368b0de8b91cfb3f91892fbf1ebd4b2,8feef08314d477a5b68ba18a6d35819d,1
5d74988b459f07525ce88fab4b0c5edf,aab3238922bcc25a6f606eb525ffdc56,b7087c1f4f89e63af8d46f3b20271153,aa7420bcdec6c0ce8dc01394aaa498f2,17
0094042bfeae507dc7f62acc8e5ed03a,6512bd43d9caa6e02c990b0a82652dca,e58cc5ca94270acaceed13bc82dfedf7,c93c26cd49ea08e6b8984351d4164575,1
6157d6990d9a15027be2e356cccdc84d,c20ad4d76fe97759aa27a0c99bff6710,fb2fcd534b0ff3bbed73cc51df620323,45551f4c29881972ae5ed3666a5b1b8b,1
ee441af33a59b66a2026b029a24f269a,6512bd43d9caa6e02c990b0a82652dca,e58cc5ca94270acaceed13bc82dfedf7,120e4b609af49ff7b17c3b90e7a28435,1
c355c910fe6a819947c7243038df89c9,c74d97b01eae257e44aa9d5bade97baf,c559da2ba967eb820766939a658022c8,89b0107c6d0aca5f15fa7a715f9e06e5,17
fe998b49c41c4208c968bce204fa1cbb,6512bd43d9caa6e02c990b0a82652dca,b59c67bf196a4758191e42f76670ceba,a09fe216278f103e70a7a179e173831c,1
40c651c778ea5ff2c54b164483dbae9c,c20ad4d76fe97759aa27a0c99bff6710,fb2fcd534b0ff3bbed73cc51df620323,0f82166e64f8132fbdca4d49816e2ce4,1
6629d8e0d18c0b83c15006570566598f,c74d97b01eae257e44aa9d5bade97baf,c559da2ba967eb820766939a658022c8,34d2777e78ccf007523e2dd1fcea6b2d,17
6464ba75236f5928023d75e46ea8a328,aab3238922bcc25a6f606eb525ffdc56,28fc2782ea7ef51c1104ccf7b9bea13d,485095ca4d0494dc265ad8de07ec107b,1
4a04104f09c6ea3e807666cce0c294d5,c51ce410c124a10e0db5e4b97fc2af39,5caf41d62364d5b41a893adc1a9dd5d4,f633b7df336a0a7f8251e1eec56ae973,1
2c6c2e0fb9a48b16ea6aecc7cdcf8af8,c74d97b01eae257e44aa9d5bade97baf,1bc0249a6412ef49b07fe6f62e6dc8de,ca34f669ae367c87f0e75dcae0f61ee5,17
8cad09283d1d6c5fb08daec8a576a72d,c51ce410c124a10e0db5e4b97fc2af39,5caf41d62364d5b41a893adc1a9dd5d4,4e96157c3c8c24f4761a7bc4411a2504,1
8077e6cd4cf2ab3abac4b6c80a5ba7e1,c74d97b01eae257e44aa9d5bade97baf,c559da2ba967eb820766939a658022c8,1e2248e0a1305fdf1dca5510e06a2b96,17
891517ed336bc63566261723d2a45118,c74d97b01eae257e44aa9d5bade97baf,c559da2ba967eb820766939a658022c8,6e84696301885ba0a9dc8de6fe45abd0,17
adf3f8d0e45cd2e4cfb284e1eaddc5c8,aab3238922bcc25a6f606eb525ffdc56,9701a1c165dd9420816bfec5edd6c2b1,b81668e0b714d070d01699118c6d6f8c,1
35071e7911b66b2f42bffca06f939598,aab3238922bcc25a6f606eb525ffdc56,186a157b2992e7daed3677ce8e9fe40f,aa36dc1d45661519a5bf923429776a83,1
8353aa07fab6dbeb7962e7a9ba2c3e53,c74d97b01eae257e44aa9d5bade97baf,f3173935ed8ac4bf073c1bcd63171f8a,4bc94de7bab27a1c3a9cd3ba68199f55,17
cfb54b1ce12bb3f9b6b9e2ea0b57414b,c74d97b01eae257e44aa9d5bade97baf,1bc0249a6412ef49b07fe6f62e6dc8de,68f204f3838bfee4ada868b66e6a0814,1
480b52fec90d07da477f6d10f638eb1a,6512bd43d9caa6e02c990b0a82652dca,e58cc5ca94270acaceed13bc82dfedf7,c0a667df8f0d6ee98dda972b0870fabf,1
a1f93a1aeb02759147d69276c70217db,aab3238922bcc25a6f606eb525ffdc56,9701a1c165dd9420816bfec5edd6c2b1,567115097ac405a46a84ef641c2d7069,1
7a5ebc8af2689363da125308abe00d7f,c74d97b01eae257e44aa9d5bade97baf,c559da2ba967eb820766939a658022c8,89b0107c6d0aca5f15fa7a715f9e06e5,17
b067862254b74824193087f2a16c0c79,32bb90e8976aab5298d5da10fe66f21d,f9ab16852d455ce9203da64f4fc7f92d,f24d451b1a893d2b679152e43db2b29d,1
b960c6ee5b5efa12e73f810204b561a8,c74d97b01eae257e44aa9d5bade97baf,c559da2ba967eb820766939a658022c8,8ec316a6bd7240d74c0567a1d9b311e5,17
5d353aeb36305286381f101ca70c861e,c20ad4d76fe97759aa27a0c99bff6710,fb2fcd534b0ff3bbed73cc51df620323,45551f4c29881972ae5ed3666a5b1b8b,1
8e14e2548c50b79372020771b4eb6dff,aab3238922bcc25a6f606eb525ffdc56,28fc2782ea7ef51c1104ccf7b9bea13d,7a8aebb07d6e8ba9da453ec0f3f359a4,1
9fbfa754e2f45b2fcf3a5cbef890c504,c74d97b01eae257e44aa9d5bade97baf,c559da2ba967eb820766939a658022c8,34d2777e78ccf007523e2dd1fcea6b2d,17
f3cb960ba923385b85cd01f0f15b1510,aab3238922bcc25a6f606eb525ffdc56,9701a1c165dd9420816bfec5edd6c2b1,567115097ac405a46a84ef641c2d7069,1
82420936dd94713451b9d4c8404df1e5,aab3238922bcc25a6f606eb525ffdc56,9701a1c165dd9420816bfec5edd6c2b1,6d795bb9e527e367063c0044c4fc16a6,1
75b7de01404277d521ab03ac2f7d7e8a,aab3238922bcc25a6f606eb525ffdc56,28fc2782ea7ef51c1104ccf7b9bea13d,d29b5ce9c2883f0b7e90f79071a2ca82,1
75be870cd9c96839f3dca0aea665adf0,aab3238922bcc25a6f606eb525ffdc56,9701a1c165dd9420816bfec5edd6c2b1,c01c475ac8d447730ece97d846cc4f25,1
6515c664cc1b858a7357accc7833a451,aab3238922bcc25a6f606eb525ffdc56,28fc2782ea7ef51c1104ccf7b9bea13d,b9d194b4fcd411b02eea6fe9f66bf427,1
e45c2e3a0145b9c87e26cb57ef7a4d8b,aab3238922bcc25a6f606eb525ffdc56,28fc2782ea7ef51c1104ccf7b9bea13d,7a8aebb07d6e8ba9da453ec0f3f359a4,1
00d9e3b6725a72b3235a048868691e09,c74d97b01eae257e44aa9d5bade97baf,c559da2ba967eb820766939a658022c8,c82ad41dea071d88197835420ab24d04,17
0cb54dc6c273630fc0efdd8e8aa40390,aab3238922bcc25a6f606eb525ffdc56,28fc2782ea7ef51c1104ccf7b9bea13d,7a8aebb07d6e8ba9da453ec0f3f359a4,1
ba24eb6c0efb4699b83cddde14a28bb9,c74d97b01eae257e44aa9d5bade97baf,1bc0249a6412ef49b07fe6f62e6dc8de,6639ae8d530e71980239f7bff60e247c,17
930569d31168ec975f903e5dc06e8deb,c74d97b01eae257e44aa9d5bade97baf,c559da2ba967eb820766939a658022c8,e06f5ed77191826c212c30722f2cc5a2,17
39d2baf4540a46a8e8b05a579e371f73,aab3238922bcc25a6f606eb525ffdc56,28fc2782ea7ef51c1104ccf7b9bea13d,d29b5ce9c2883f0b7e90f79071a2ca82,1
4695acecbef4734453cf9bc0be67ffe4,aab3238922bcc25a6f606eb525ffdc56,186a157b2992e7daed3677ce8e9fe40f,aa36dc1d45661519a5bf923429776a83,1
24df4c86ade051d46f7d665fe78336b6,aab3238922bcc25a6f606eb525ffdc56,28fc2782ea7ef51c1104ccf7b9bea13d,a13b7a6b8e80d44d044c257a08ecccca,1
19e5411f3b65df77a0bc2e0ed4edac95,c74d97b01eae257e44aa9d5bade97baf,1bc0249a6412ef49b07fe6f62e6dc8de,2a307e6985c82c6245bc0b3186cdf9bc,17
43381fb2e43baebe00b83506caa61c25,32bb90e8976aab5298d5da10fe66f21d,f9ab16852d455ce9203da64f4fc7f92d,f24d451b1a893d2b679152e43db2b29d,1
062aaeb24e661688e2703821f368a258,c74d97b01eae257e44aa9d5bade97baf,c559da2ba967eb820766939a658022c8,e06f5ed77191826c212c30722f2cc5a2,17
c82dccf4ccf7017ba622a86f5dcbc736,aab3238922bcc25a6f606eb525ffdc56,186a157b2992e7daed3677ce8e9fe40f,aa36dc1d45661519a5bf923429776a83,1
f5c4b08ce07d102062c2947967ad750e,c74d97b01eae257e44aa9d5bade97baf,c559da2ba967eb820766939a658022c8,34d2777e78ccf007523e2dd1fcea6b2d,17
a5ca6d3e4b6bae0610473f4383fc8881,aab3238922bcc25a6f606eb525ffdc56,28fc2782ea7ef51c1104ccf7b9bea13d,a13b7a6b8e80d44d044c257a08ecccca,1
2eaefbeedd52963c77db7ab9ca5e930a,aab3238922bcc25a6f606eb525ffdc56,28fc2782ea7ef51c1104ccf7b9bea13d,b3e70d072fc648f6934c288e44f5c35e,1
b852f35a5f818b115edd54572d08e39f,c74d97b01eae257e44aa9d5bade97baf,f3173935ed8ac4bf073c1bcd63171f8a,5fd72b9fc7118bd36a137d7cea8c588a,17
eefefb61b46889eeb08c1ea8d6aaf2d1,aab3238922bcc25a6f606eb525ffdc56,186a157b2992e7daed3677ce8e9fe40f,aa36dc1d45661519a5bf923429776a83,1
011fa371d88bc0c9c45f7a03db82d5b7,aab3238922bcc25a6f606eb525ffdc56,9701a1c165dd9420816bfec5edd6c2b1,c01c475ac8d447730ece97d846cc4f25,1
e3b5eea8d7ddd16629d485381ac22346,c74d97b01eae257e44aa9d5bade97baf,1bc0249a6412ef49b07fe6f62e6dc8de,6639ae8d530e71980239f7bff60e247c,17
49422241027cc0b8b33ceaa33d9d2e81,aab3238922bcc25a6f606eb525ffdc56,28fc2782ea7ef51c1104ccf7b9bea13d,d92f47d30274c682527a90cf5b3a2b8b,1
f037731b0a846febacba119990ecf11f,aab3238922bcc25a6f606eb525ffdc56,28fc2782ea7ef51c1104ccf7b9bea13d,7a8aebb07d6e8ba9da453ec0f3f359a4,1
abd61e1e82fe59815863d66ba9353ff0,c74d97b01eae257e44aa9d5bade97baf,1bc0249a6412ef49b07fe6f62e6dc8de,d407a3ebb4ab9b0d68b224486f8b8dad,17
c6c886597daf8a655f1408719c819bf4,c74d97b01eae257e44aa9d5bade97baf,1bc0249a6412ef49b07fe6f62e6dc8de,ca34f669ae367c87f0e75dcae0f61ee5,17
1315c014e0e20f2ffbe8c0bc455bce9c,aab3238922bcc25a6f606eb525ffdc56,28fc2782ea7ef51c1104ccf7b9bea13d,7a8aebb07d6e8ba9da453ec0f3f359a4,1
c1cc9adf89443b919c2f56c988fcf01b,aab3238922bcc25a6f606eb525ffdc56,9701a1c165dd9420816bfec5edd6c2b1,6d795bb9e527e367063c0044c4fc16a6,1
107bd9ed7ce0d5e347e13b692eb2abb3,c74d97b01eae257e44aa9d5bade97baf,1bc0249a6412ef49b07fe6f62e6dc8de,68f204f3838bfee4ada868b66e6a0814,17
0448c8afc036bb44c457d7e9edd74c50,c74d97b01eae257e44aa9d5bade97baf,a368b0de8b91cfb3f91892fbf1ebd4b2,8feef08314d477a5b68ba18a6d35819d,1
53a0025dcb7a9565375706d57f0c8f37,aab3238922bcc25a6f606eb525ffdc56,9701a1c165dd9420816bfec5edd6c2b1,6d795bb9e527e367063c0044c4fc16a6,1
4f057d9f6589222cbee1123e3608d7b4,c74d97b01eae257e44aa9d5bade97baf,c559da2ba967eb820766939a658022c8,8ec316a6bd7240d74c0567a1d9b311e5,17
9bad2c2a4f7ab2873152eed9a099d7b0,aab3238922bcc25a6f606eb525ffdc56,9701a1c165dd9420816bfec5edd6c2b1,8afe22eeb3f3f68de994a3c60388858c,1
525526d5b2169462195c44d49fff4a44,aab3238922bcc25a6f606eb525ffdc56,28fc2782ea7ef51c1104ccf7b9bea13d,b9d194b4fcd411b02eea6fe9f66bf427,1
1f866d0d3eda091c5166cc5a321132fd,aab3238922bcc25a6f606eb525ffdc56,186a157b2992e7daed3677ce8e9fe40f,aa36dc1d45661519a5bf923429776a83,1
c01fa360a5e6eec712b6a43b7eff1722,aab3238922bcc25a6f606eb525ffdc56,28fc2782ea7ef51c1104ccf7b9bea13d,b3e70d072fc648f6934c288e44f5c35e,1
c2155d600945587d417fe45ba5bf6d57,aab3238922bcc25a6f606eb525ffdc56,3de2334a314a7a72721f1f74a6cb4cee,0f3abfd67959c079e7b3759440e7415c,17
bca205ea461b9b5aab391cdbbbe8360a,c74d97b01eae257e44aa9d5bade97baf,c559da2ba967eb820766939a658022c8,34d2777e78ccf007523e2dd1fcea6b2d,17
8b5beb776da3223faf1f066d5772dc2b,aab3238922bcc25a6f606eb525ffdc56,9701a1c165dd9420816bfec5edd6c2b1,8afe22eeb3f3f68de994a3c60388858c,1
135fd511daf1345b7f1193fe481be8ba,c74d97b01eae257e44aa9d5bade97baf,1bc0249a6412ef49b07fe6f62e6dc8de,6639ae8d530e71980239f7bff60e247c,17
4cbdf8b7992ce95ea95bee76db0c7156,c74d97b01eae257e44aa9d5bade97baf,c559da2ba967eb820766939a658022c8,c82ad41dea071d88197835420ab24d04,17
809d20badccdf0faeea711d446760492,aab3238922bcc25a6f606eb525ffdc56,28fc2782ea7ef51c1104ccf7b9bea13d,7a8aebb07d6e8ba9da453ec0f3f359a4,1
2c3b910b45c0f041dd25ad4d510e548b,c74d97b01eae257e44aa9d5bade97baf,1bc0249a6412ef49b07fe6f62e6dc8de,68f204f3838bfee4ada868b66e6a0814,17
5840bb9c4abfbabfe1d6456829a1b1f1,c74d97b01eae257e44aa9d5bade97baf,c559da2ba967eb820766939a658022c8,8ec316a6bd7240d74c0567a1d9b311e5,17
